anp_id,municipios_match,total_declaratorias_desastre,total_declaratorias_emergencia,poblacion_afectada_total,poblacion_atendida_total,costo_total_declaratorias_pesos,sectores_afectados,por_tipo_fenomeno,por_ano,eventos_detalle
alto_golfo_de_california_y_delta_del_rio_colorado,Mexicali; Puerto Peñasco; San Luis Río Colorado,3,5,49075,49075,74685266.83,Carretero; Educativo; Educativo y Naval; Hidráulico; Naval; Naval y Pesquero; Vial Urbano y Vivienda,Hidrometeorológico: 3D/5E,"2019: 1D/4E pob:46,592 $72.8M; 2020: 0D/1E pob:2,483 $1.9M; 2022: 1D/0E pob:0 $0.0M; 2023: 1D/0E pob:0 $0.0M","[D 2019] Sonora: Lluvia severa e inundación fluvial y pluvial del 27 al 29 de noviembre de 2019 | [D 2022] Baja California: Inundación pluvial y lluvia severa del 8 al 11 de septiembre de 2022 | [D 2023] Baja California: Lluvia severa, inundación fluvial y pluvial, y vientos fuertes del 18 al 20 de a | [E 2019] Sonora: Helada y nevada severa del 30 de diciembre de 2018 al 02 de enero de 2019 (pob:18,506 $19,484,036) | [E 2019] Sonora: Helada y nevada severa del 20 al 24 de febrero de 2019 (pob:9,207 $8,876,335) | [E 2019] Sonora: Lluvia severa e inundación pluvial los días 24 y 25 de septiembre de 2019 por Fr (pob:12,071 $22,274,732) | [E 2019] Sonora: Lluvia severa e inundación fluvial y pluvial los días 27, 28 y 29 de noviembre d (pob:6,808 $22,179,262) | [E 2020] Sonora: Helada severa del 5 al 7 de febrero y lluvia severa e inundación pluvial el 10 d (pob:2,483 $1,870,902)"
arrecife_de_puerto_morelos,Benito Juárez; Puerto Morelos,3,2,26715,26715,39995524.52,Deportivo; Educativo; Hidráulico; Naval; Salud; Turístico; Vial Urbano y Vivienda,Hidrometeorológico: 3D/2E,"2019: 1D/0E pob:0 $0.0M; 2020: 2D/2E pob:26,715 $40.0M","[D 2019] Quintana Roo: Sequía severa ocurrida del 1 de mayo al 30 de noviembre del 2019 en 9 municipios | [D 2020] Quintana Roo: Huracán Delta (lluvia severa y vientos fuertes) los días 5 y 6 de octubre de 202 | [D 2020] Quintana Roo: Lluvia severa el 26 de octubre de 2020 | [E 2020] Quintana Roo: Vientos fuertes y lluvia severa los días 5 y 6 de octubre de 2020 (pob:20,308 $29,241,840) | [E 2020] Quintana Roo: Lluvia severa el 26 de octubre de 2020 (pob:6,407 $10,753,684)"
arrecifes_de_cozumel,Cozumel,2,2,26715,26715,39995524.52,Deportivo; Educativo; Naval; Salud; Turístico; Vial Urbano y Vivienda,Hidrometeorológico: 2D/2E,"2020: 2D/2E pob:26,715 $40.0M","[D 2020] Quintana Roo: Huracán Delta (lluvia severa y vientos fuertes) los días 5 y 6 de octubre de 202 | [D 2020] Quintana Roo: Lluvia severa el 26 de octubre de 2020 | [E 2020] Quintana Roo: Vientos fuertes y lluvia severa los días 5 y 6 de octubre de 2020 (pob:20,308 $29,241,840) | [E 2020] Quintana Roo: Lluvia severa el 26 de octubre de 2020 (pob:6,407 $10,753,684)"
arrecifes_de_sian_kaan,Felipe Carrillo Puerto; Tulum,3,2,12452,12452,33365507.84,Carretero; Deportivo; Educativo; Hidráulico; Naval; Salud; Vial Urbano y Vivienda,Hidrometeorológico: 3D/2E,"2019: 1D/0E pob:0 $0.0M; 2020: 2D/2E pob:12,452 $33.4M","[D 2019] Quintana Roo: Sequía severa ocurrida del 1 de mayo al 30 de noviembre del 2019 en 9 municipios | [D 2020] Quintana Roo: Inundación pluvial ocurrida del 3 al 5 de junio de 2020 | [D 2020] Quintana Roo: Lluvia severa el 26 de octubre de 2020 | [E 2020] Quintana Roo: Lluvia severa e inundación pluvial del 3 al 5 de junio de 2020 (T.T. Cristóbal) (pob:6,045 $22,611,824) | [E 2020] Quintana Roo: Lluvia severa el 26 de octubre de 2020 (pob:6,407 $10,753,684)"
arrecifes_de_xcalak,Othón P. Blanco,2,1,6045,6045,22611823.6,Carretero; Educativo; Hidráulico; Naval; Salud; Vial Urbano y Vivienda,Hidrometeorológico: 2D/1E,"2019: 1D/0E pob:0 $0.0M; 2020: 1D/1E pob:6,045 $22.6M","[D 2019] Quintana Roo: Sequía severa ocurrida del 1 de mayo al 30 de noviembre del 2019 en 9 municipios | [D 2020] Quintana Roo: Inundación pluvial ocurrida del 3 al 5 de junio de 2020 | [E 2020] Quintana Roo: Lluvia severa e inundación pluvial del 3 al 5 de junio de 2020 (T.T. Cristóbal) (pob:6,045 $22,611,824)"
bahia_de_loreto,Loreto,2,0,0,0,0,Carretero; Deportivo; Educativo; Hidráulico; Naval,Hidrometeorológico: 2D/0E,2020: 1D/0E pob:0 $0.0M; 2023: 1D/0E pob:0 $0.0M,[D 2020] Baja California Sur: Sequía severa del 1 de mayo al 30 de noviembre de 2020 | [D 2023] Baja California Sur: Lluvia severa e inundación pluvial el 19 de agosto de 2023
bajos_de_coyula,Santa María Huatulco,3,4,56109,56109,270032123.03,Carretero; Educativo; Hidráulico; Militar; Monumentos Arqueológicos; Naval; Naval y Turístico; Pesquero y Acuíola; Salud; Turístico; Vial Urbano y Vivienda,Hidrometeorológico: 2D/2E; Geológico: 1D/2E,"2019: 1D/1E pob:5,507 $31.2M; 2020: 1D/2E pob:26,986 $162.4M; 2022: 1D/1E pob:23,616 $76.5M","[D 2019] Oaxaca: Lluvia severa, inundación fluvial y pluvial ocurridas los días 28, 29 y 30 de se | [D 2020] Oaxaca: Sismo magnitud 7.4 el día 23 de junio de 2020 | [D 2022] Oaxaca: Lluvia severa, vientos fuertes, inundación pluvial e inundación fluvial del 29 a | [E 2019] Oaxaca: Lluvia severa e inundación fluvial y pluvial el 28 y 29 de septiembre por el hur (pob:5,507 $31,196,865) | [E 2020] Oaxaca: Sismo de magnitud 7.4 (pob:26,125 $135,962,301) | [E 2020] Oaxaca: Movimiento de ladera los días 27 y 28 de agosto de 2020 (pob:861 $26,416,308) | [E 2022] Oaxaca: Impacto inminente del huracán ""Agatha"" -extraordinario- el día 30 de mayo de 202 (pob:23,616 $76,456,649)"
balaan_kaax,Bacalar; Hopelchén; José María Morelos; Tekax,5,5,178501,178501,350787906.92,Carretero; Deportivo; Educativo; Hidráulico; Monumentos Arqueológicos; Naval; Pesquero y Acuícola; Residuos Sólidos; Salud; Vial Urbano; Vial Urbano y Vivienda; Vivienda y Zonas Costeras,Hidrometeorológico: 5D/5E,"2019: 1D/0E pob:0 $0.0M; 2020: 4D/5E pob:178,501 $350.8M","[D 2019] Quintana Roo: Sequía severa ocurrida del 1 de mayo al 30 de noviembre del 2019 en 9 municipios | [D 2020] Quintana Roo: Inundación pluvial ocurrida del 3 al 5 de junio de 2020 | [D 2020] Campeche: Lluvia severa ocurrida del 30 de mayo al 5 de junio de 2020 | [D 2020] Yucatán: Lluvia severa del 31 de mayo al 5 de junio de 2020 e inundación pluvial del 31 d | [D 2020] Yucatán: Lluvia severa, Huracán ""Delta"" Categoría 2 e inundación pluvial del 1 al 8 de oc | [E 2020] Quintana Roo: Lluvia severa e inundación pluvial del 3 al 5 de junio de 2020 (T.T. Cristóbal) (pob:6,045 $22,611,824) | [E 2020] Yucatán: Lluvia severa e inundación pluvial del 31 de mayo al 4 de junio de 2020 (T.T. Cr (pob:48,060 $116,670,503) | [E 2020] Campeche: Lluvia severa del 30 de mayo al 5 de junio de 2020 (T.T. Cristóbal) (pob:28,484 $27,861,401) | [E 2020] Yucatán: Lluvia severa e inundación pluvial del 1 al 7 de junio de 2020 (T.T. Cristóbal) (pob:56,000 $96,266,968) | [E 2020] Yucatán: Lluvia severa e inundación pluvial del 1 al 8 de octubre de 2020 (pob:39,912 $87,377,212)"
balam_kin,Calakmul; Escárcega; Hopelchén,1,1,28484,28484,27861400.86,Carretero; Deportivo; Educativo; Hidráulico; Naval; Vial Urbano y Vivienda,Hidrometeorológico: 1D/1E,"2020: 1D/1E pob:28,484 $27.9M","[D 2020] Campeche: Lluvia severa ocurrida del 30 de mayo al 5 de junio de 2020 | [E 2020] Campeche: Lluvia severa del 30 de mayo al 5 de junio de 2020 (T.T. Cristóbal) (pob:28,484 $27,861,401)"
balam_ku,Calakmul; Escárcega,1,1,28484,28484,27861400.86,Carretero; Deportivo; Educativo; Hidráulico; Naval; Vial Urbano y Vivienda,Hidrometeorológico: 1D/1E,"2020: 1D/1E pob:28,484 $27.9M","[D 2020] Campeche: Lluvia severa ocurrida del 30 de mayo al 5 de junio de 2020 | [E 2020] Campeche: Lluvia severa del 30 de mayo al 5 de junio de 2020 (T.T. Cristóbal) (pob:28,484 $27,861,401)"
balandra,La Paz,6,5,20951,20951,74891623.49,Carretero; Deportivo; Educativo; Educativo y Naval; Forestal y de Viveros; Hidráulico; Hidráulico y Naval; Naval; Naval y Turístico; Vial Urbano y Vivienda; y Naval,Hidrometeorológico: 6D/5E,"2019: 2D/3E pob:9,190 $45.0M; 2020: 0D/1E pob:3,724 $23.8M; 2021: 1D/1E pob:8,037 $6.0M; 2022: 2D/0E pob:0 $0.0M; 2023: 1D/0E pob:0 $0.0M","[D 2019] Baja California Sur: Huracán Lorena (Lluvia severa y vientos fuertes) el 20 de septiembre de 2019 | [D 2019] Baja California Sur: Lluvia severa e inundación fluvial y pluvial el 13 de octubre de 2019 | [D 2021] Baja California Sur: Inundación pluvial, lluvia severa y vientos fuertes el 9 y 10 de septiembre de 2 | [D 2022] Baja California Sur: Lluvia severa e inundación fluvial los días 2 y 3 de septiembre 2022 | [D 2022] Baja California Sur: Lluvia severa, vientos fuertes e inundación fluvial del 7 al 9 de septiembre de  | [D 2023] Baja California Sur: Lluvia severa, inundación fluvial y pluvial y vientos fuertes del 20 al 22 de oc | [E 2019] Baja California Sur: Lluvia severa y vientos fuertes el 20 de septiembre de 2019 por el huracán ""Lore (pob:2,849 $13,332,330) | [E 2019] Baja California Sur: Lluvia severa e inundación fluvial y pluvial el 13 de octubre de 2019 (pob:3,724 $18,603,215) | [E 2019] Baja California Sur: Lluvia severa e inundación pluvial el 27 y 28 de noviembre de 2019 (pob:2,617 $13,098,771) | [E 2020] Baja California Sur: Lluvia severa e inundación pluvial el 19 de agosto de 2020 (Huracán Genevieve) (pob:3,724 $23,831,993) | [E 2021] Baja California Sur: Ciclón tropical ""Olaf"" (lluvia severa y vientos fuertes) e inundación pluvial de (pob:8,037 $6,025,315)"
barra_de_la_cruz_playa_grande,San Pedro Huamelula,2,5,51940,51940,231050564.8,Carretero; Educativo; Hidráulico; Monumentos Arqueológicos; Naval; Naval y Turístico; Salud; Turístico; Vial Urbano y Vivienda,Hidrometeorológico: 1D/3E; Geológico: 1D/1E; Incendio Forestal: 0D/1E,"2020: 1D/3E pob:27,471 $153.9M; 2021: 0D/1E pob:853 $0.6M; 2022: 1D/1E pob:23,616 $76.5M","[D 2020] Oaxaca: Sismo magnitud 7.4 el día 23 de junio de 2020 | [D 2022] Oaxaca: Lluvia severa, vientos fuertes, inundación pluvial e inundación fluvial del 29 a | [E 2020] Oaxaca: Incendio forestal del 31 de marzo al 1 de abril de 2020 (pob:133 $47,861) | [E 2020] Oaxaca: Sismo de magnitud 7.4 (pob:26,125 $135,962,301) | [E 2020] Oaxaca: Lluvia severa e inundación pluvial del 23 al 25 de agosto de 2020 (pob:1,213 $17,936,769) | [E 2021] Oaxaca: Helada severa del 02 al 22 de febrero de 2021 (pob:853 $646,985) | [E 2022] Oaxaca: Impacto inminente del huracán ""Agatha"" -extraordinario- el día 30 de mayo de 202 (pob:23,616 $76,456,649)"
barranca_de_metztitlan,Actopan; Agua Blanca de Iturbide; Huayacocotla; Ilamatlán; Metztitlán; Molango de Escamilla; Texcatepec; Tianguistengo; Xochicoatlán; Zacualtipán de Ángeles; Zontecomatlán de López y Fuentes,5,1,28153,28153,67302182.06,Carretero; Educativo; Forestal y de Viveros; Hidráulico; Hidráulico y Salud; Naval; Vial Urbano y Vivienda,Hidrometeorológico: 4D/1E; Geológico: 1D/0E,"2019: 1D/0E pob:0 $0.0M; 2021: 3D/1E pob:28,153 $67.3M; 2024: 1D/0E pob:0 $0.0M","[D 2019] Veracruz: Sequía severa del 1 de mayo de 2019 al 30 de noviembre de 2019 | [D 2021] Hidalgo: Lluvia Severa, vientos fuertes e inundación pluvial y fluvial el 21 y 22 de agos | [D 2021] Veracruz: Huracán ""Grace"" (lluvia severa), inundación pluvial y fluvial del 20 al 24 deago | [D 2021] Veracruz: Movimiento de ladera del 20 al 24 de agosto del 2021 | [D 2024] Veracruz: Lluvia severa, inundación pluvial e inundación fluvial del 19 al 21 de octubre d | [E 2021] Veracruz: Lluvia severa, inundación fluvial y pluvial y movimiento de ladera del 20 al 23  (pob:28,153 $67,302,182)"
bavispe,Agua Prieta; Arizpe; Bacadéhuachi; Bacoachi; Cananea; Cumpas; Fronteras; Granados; Huachinera; Huásabas; Moctezuma; Nacozari de García; Villa Hidalgo,2,8,60520,60520,90114539.85,Carretero; Educativo; Hidráulico; Naval; Vial Urbano y Vivienda,Hidrometeorológico: 2D/8E,"2019: 1D/5E pob:48,491 $74.4M; 2020: 1D/2E pob:6,029 $7.6M; 2021: 0D/1E pob:6,000 $8.1M","[D 2019] Sonora: Lluvia severa e inundación fluvial y pluvial del 27 al 29 de noviembre de 2019 | [D 2020] Sonora: Sequía severa del 1 de mayo al 30 de noviembre de 2020 | [E 2019] Sonora: Helada y nevada severa del 30 de diciembre de 2018 al 02 de enero de 2019 (pob:18,506 $19,484,036) | [E 2019] Sonora: Helada y nevada severa del 20 al 24 de febrero de 2019 (pob:9,207 $8,876,335) | [E 2019] Sonora: Inundación fluvial y pluvial el 8 de septiembre de 2019 (pob:1,899 $1,543,595) | [E 2019] Sonora: Lluvia severa e inundación pluvial los días 24 y 25 de septiembre de 2019 por Fr (pob:12,071 $22,274,732) | [E 2019] Sonora: Lluvia severa e inundación fluvial y pluvial los días 27, 28 y 29 de noviembre d (pob:6,808 $22,179,262) | [E 2020] Sonora: Helada severa del 5 al 7 de febrero y lluvia severa e inundación pluvial el 10 d (pob:2,483 $1,870,902) | [E 2020] Sonora: Lluvia severa e inundación fluvial del 12 al 20 de marzo de 2020 (pob:3,546 $5,765,746) | [E 2021] Sonora: Inundación pluvial el 22 de julio de 2021 (pob:6,000 $8,119,932)"
benito_juarez,Oaxaca de Juárez; Santa Catarina Ixtepeji,1,2,27122,27122,177334673.76,Carretero; Educativo; Hidráulico; Monumentos Arqueológicos; Naval; Salud; Turístico; Vial Urbano y Vivienda,Geológico: 1D/1E; Incendio Forestal: 0D/1E,"2020: 1D/1E pob:26,125 $136.0M; 2021: 0D/1E pob:997 $41.4M","[D 2020] Oaxaca: Sismo magnitud 7.4 el día 23 de junio de 2020 | [E 2020] Oaxaca: Sismo de magnitud 7.4 (pob:26,125 $135,962,301) | [E 2021] Oaxaca: Incendio forestal del 01 de enero al 22 de febrero de 2021 (pob:997 $41,372,373)"
bosencheve,San José del Rincón; Villa Victoria; Villa de Allende,0,1,42777,42777,24287748.39,,Hidrometeorológico: 0D/1E,"2018: 0D/1E pob:42,777 $24.3M","[E 2018] Estado de México: Helada severa a partir del día 21 de diciembre de 2018 (pob:42,777 $24,287,748)"
cabo_pulmo,Los Cabos,5,6,24964,24964,85851878.61,Carretero; Deportivo; Educativo; Educativo y Naval; Forestal y de Viveros; Hidráulico; Naval; Naval y Turístico; Vial Urbano y Vivienda; y Naval,Hidrometeorológico: 5D/6E,"2019: 2D/4E pob:13,203 $56.0M; 2020: 0D/1E pob:3,724 $23.8M; 2021: 1D/1E pob:8,037 $6.0M; 2022: 1D/0E pob:0 $0.0M; 2023: 1D/0E pob:0 $0.0M","[D 2019] Baja California Sur: Huracán Lorena (Lluvia severa y vientos fuertes) el 20 de septiembre de 2019 | [D 2019] Baja California Sur: Lluvia severa e inundación fluvial y pluvial el 13 de octubre de 2019 | [D 2021] Baja California Sur: Inundación pluvial, lluvia severa y vientos fuertes el 9 y 10 de septiembre de 2 | [D 2022] Baja California Sur: Lluvia severa e inundación fluvial los días 2 y 3 de septiembre 2022 | [D 2023] Baja California Sur: Lluvia severa, inundación fluvial y pluvial y vientos fuertes del 20 al 22 de oc | [E 2019] Baja California Sur: Lluvia severa e inundación pluvial los días 22 y 23 de agosto de 2019 (pob:4,013 $10,960,255) | [E 2019] Baja California Sur: Lluvia severa y vientos fuertes el 20 de septiembre de 2019 por el huracán ""Lore (pob:2,849 $13,332,330) | [E 2019] Baja California Sur: Lluvia severa e inundación fluvial y pluvial el 13 de octubre de 2019 (pob:3,724 $18,603,215) | [E 2019] Baja California Sur: Lluvia severa e inundación pluvial el 27 y 28 de noviembre de 2019 (pob:2,617 $13,098,771) | [E 2020] Baja California Sur: Lluvia severa e inundación pluvial el 19 de agosto de 2020 (Huracán Genevieve) (pob:3,724 $23,831,993) | [E 2021] Baja California Sur: Ciclón tropical ""Olaf"" (lluvia severa y vientos fuertes) e inundación pluvial de (pob:8,037 $6,025,315)"
calakmul,Calakmul; Escárcega; Hopelchén; Othón P. Blanco,3,2,34529,34529,50473224.46,Carretero; Deportivo; Educativo; Hidráulico; Naval; Salud; Vial Urbano y Vivienda,Hidrometeorológico: 3D/2E,"2019: 1D/0E pob:0 $0.0M; 2020: 2D/2E pob:34,529 $50.5M","[D 2019] Quintana Roo: Sequía severa ocurrida del 1 de mayo al 30 de noviembre del 2019 en 9 municipios | [D 2020] Quintana Roo: Inundación pluvial ocurrida del 3 al 5 de junio de 2020 | [D 2020] Campeche: Lluvia severa ocurrida del 30 de mayo al 5 de junio de 2020 | [E 2020] Quintana Roo: Lluvia severa e inundación pluvial del 3 al 5 de junio de 2020 (T.T. Cristóbal) (pob:6,045 $22,611,824) | [E 2020] Campeche: Lluvia severa del 30 de mayo al 5 de junio de 2020 (T.T. Cristóbal) (pob:28,484 $27,861,401)"
campo_verde,Casas Grandes; Huachinera; Madera; Nácori Chico,3,9,164266,164266,195629712.7,Carretero; Educativo; Hidráulico; Naval; Vial Urbano y Vivienda,Hidrometeorológico: 3D/9E,"2019: 1D/6E pob:118,305 $157.0M; 2020: 2D/2E pob:6,029 $7.6M; 2021: 0D/1E pob:39,932 $30.9M","[D 2019] Sonora: Lluvia severa e inundación fluvial y pluvial del 27 al 29 de noviembre de 2019 | [D 2020] Chihuahua: Sequía severa del 1 de mayo al 30 de noviembre de 2020 | [D 2020] Sonora: Sequía severa del 1 de mayo al 30 de noviembre de 2020 | [E 2019] Chihuahua: Nevada severa del 29 al 30 de diciembre de 2018 (pob:64,751 $72,187,821) | [E 2019] Sonora: Helada y nevada severa del 30 de diciembre de 2018 al 02 de enero de 2019 (pob:18,506 $19,484,036) | [E 2019] Sonora: Helada y nevada severa del 20 al 24 de febrero de 2019 (pob:9,207 $8,876,335) | [E 2019] Sonora: Lluvia severa e inundación pluvial los días 24 y 25 de septiembre de 2019 por Fr (pob:12,071 $22,274,732) | [E 2019] Sonora: Lluvia severa e inundación fluvial y pluvial los días 27, 28 y 29 de noviembre d (pob:6,808 $22,179,262) | [E 2019] Chihuahua: Lluvia severa e inundación fluvial y pluvial los días 27, 28 y 29 de noviembre d (pob:6,962 $12,042,456) | [E 2020] Sonora: Helada severa del 5 al 7 de febrero y lluvia severa e inundación pluvial el 10 d (pob:2,483 $1,870,902) | [E 2020] Sonora: Lluvia severa e inundación fluvial del 12 al 20 de marzo de 2020 (pob:3,546 $5,765,746) | [E 2021] Chihuahua: Nevada y helada severas el 30 y 31 de diciembre de 2020 (pob:39,932 $30,948,422)"
canoas,Armería; Coquimatlán; Manzanillo; Minatitlán,5,2,4822,4822,11868457.7,Artísticos e Históricos; Carretero; Cultura; Deportivo; Educativo; Hidráulico; Monumentos Arqueológicos; Naval; Naval y Salud; Naval y Zonas Costeras; Pesquero y Acuícola; Vial Urbano; Vial Urbano y Vivienda; Vivienda y Zonas Costeras,Hidrometeorológico: 4D/2E; Geológico: 1D/0E,"2019: 2D/1E pob:1,741 $10.4M; 2020: 1D/1E pob:3,081 $1.4M; 2021: 1D/0E pob:0 $0.0M; 2022: 1D/0E pob:0 $0.0M","[D 2019] Colima: Lluvia severa e inundación fluvial y pluvial del 18 al 19 de septiembre de 2019 | [D 2019] Colima: Lluvia severa, inundación fluvial y pluvial el 29 y 30 de septiembre de 2019 | [D 2020] Colima: Lluvia severa e inundación fluvial e inundación pluvial del 26 al 28 de agosto d | [D 2021] Colima: Huracán (lluvia severa), inundación fluvial y pluvial el 28 y el 29 de agosto de | [D 2022] Colima: Sismo magnitud 7.7 el 19 de septiembre de 2022 | [E 2019] Colima: Lluvia severa e inundación fluvial y pluvial el 29 y 30 de septiembre de 2019 po (pob:1,741 $10,419,233) | [E 2020] Colima: Lluvia severa e inundación pluvial y fluvial del 26 al 28 de agosto de 2020 (pob:3,081 $1,449,225)"
canon_de_santa_elena,Ocampo; Ojinaga,1,3,111645,111645,115178700.07,Hidráulico,Hidrometeorológico: 1D/3E,"2019: 0D/2E pob:71,713 $84.2M; 2020: 1D/0E pob:0 $0.0M; 2021: 0D/1E pob:39,932 $30.9M","[D 2020] Chihuahua: Sequía severa del 1 de mayo al 30 de noviembre de 2020 | [E 2019] Chihuahua: Nevada severa del 29 al 30 de diciembre de 2018 (pob:64,751 $72,187,821) | [E 2019] Chihuahua: Lluvia severa e inundación fluvial y pluvial los días 27, 28 y 29 de noviembre d (pob:6,962 $12,042,456) | [E 2021] Chihuahua: Nevada y helada severas el 30 y 31 de diciembre de 2020 (pob:39,932 $30,948,422)"
canon_del_rio_blanco,Acultzingo; Atlahuilco; Nogales; Soledad Atzompa; Tequila; Zongolica,8,1,6000,6000,0.0,Carretero; Carretero y Educativo; Educativo; Educativo e Hidráulico; Forestal y de Viveros; Hidráulico; Hidráulico y Vial Urbano; Naval; Vial Urbano y Vivienda; sin dato,Hidrometeorológico: 4D/1E; Geológico: 4D/0E,"2019: 1D/0E pob:0 $0.0M; 2021: 1D/0E pob:0 $0.0M; 2022: 3D/0E pob:0 $0.0M; 2023: 2D/1E pob:6,000 $0.0M; 2024: 1D/0E pob:0 $0.0M","[D 2019] Veracruz: Movimiento de ladera el 23 de agosto de 2019 | [D 2021] Veracruz: Huracán ""Grace"" (lluvia severa), inundación pluvial y fluvial del 20 al 24 deago | [D 2022] Veracruz: Movimiento de ladera del 20 al 23 de junio de 2022 | [D 2022] Veracruz: Lluvia severa, inundación pluvial y fluvial del 21 al 23 de junio de 2022 | [D 2022] Veracruz: Movimiento de ladera del 26 al 28 de julio de 2022 | [D 2023] Veracruz: Movimiento de ladera del 3 al 7 de agosto de 2023 | [D 2023] Veracruz: Lluvia severa e inundación pluvial del 3 al 4 de agosto de 2023 | [D 2024] Veracruz: Lluvia severa, inundación pluvial e inundación fluvial del 19 al 21 de octubre d | [E 2023] Veracruz: Lluvia severa e inundación fluvial y/o pluvial ocurrida el 3 de agosto de 2023 (pob:6,000 $0)"
canon_del_sumidero,Chiapa de Corzo; Tuxtla Gutiérrez,0,3,187837,187837,146886879.28,,Hidrometeorológico: 0D/2E; Incendio Forestal: 0D/1E,"2019: 0D/1E pob:181,437 $20.3M; 2020: 0D/2E pob:6,400 $126.6M","[E 2019] Chiapas: Incendios forestales del 15 al 26 de abril de 2020 (pob:181,437 $20,298,688) | [E 2020] Chiapas: Lluvia severa el 3 de junio de 2020 (T.T. Cristóbal) (pob:5,071 $85,930,497) | [E 2020] Chiapas: Tornado y vientos fuertes el 15 de julio de 2020 (pob:1,329 $40,657,695)"
canon_del_usumacinta,Palenque; Tenosique,3,2,69979,69979,180408316.84,Carretero; Carretero Rural; Educativo; Hidráulico; Naval; Salud; Vial Urbano y Vivienda,Hidrometeorológico: 3D/2E,"2019: 1D/0E pob:0 $0.0M; 2020: 2D/2E pob:69,979 $180.4M","[D 2019] Chiapas: Sequía severa ocurrida del 1 de diciembre del 2018 al 30 de noviembre del 2019 e | [D 2020] Chiapas: Inundación fluvial y pluvial el 5 y 6 de noviembre de 2020 | [D 2020] Tabasco: Inundación fluvial el 10 de noviembre de 2020 | [E 2020] Chiapas: Inundación fluvial y pluvial los días 5 y 6 de noviembre de 2020 (pob:49,106 $140,234,700) | [E 2020] Tabasco: Inundación fluvial del 7 al 11 de noviembre de 2020 (pob:20,873 $40,173,616)"
caribe_mexicano,Bacalar; Benito Juárez; Chemax; Cozumel; Felipe Carrillo Puerto; Isla Mujeres; Lázaro Cárdenas; Othón P. Blanco; Puerto Morelos; Solidaridad; Tizimín; Tulum,6,5,128672,128672,246251527.7,Carretero; Deportivo; Educativo; Hidráulico; Monumentos Arqueológicos; Naval; Pesquero y Acuícola; Residuos Sólidos; Salud; Turístico; Vial Urbano; Vial Urbano y Vivienda; Vivienda y Zonas Costeras,Hidrometeorológico: 6D/5E,"2019: 1D/0E pob:0 $0.0M; 2020: 5D/5E pob:128,672 $246.3M","[D 2019] Quintana Roo: Sequía severa ocurrida del 1 de mayo al 30 de noviembre del 2019 en 9 municipios | [D 2020] Quintana Roo: Inundación pluvial ocurrida del 3 al 5 de junio de 2020 | [D 2020] Yucatán: Lluvia severa del 31 de mayo al 5 de junio de 2020 e inundación pluvial del 31 d | [D 2020] Quintana Roo: Huracán Delta (lluvia severa y vientos fuertes) los días 5 y 6 de octubre de 202 | [D 2020] Yucatán: Lluvia severa, Huracán ""Delta"" Categoría 2 e inundación pluvial del 1 al 8 de oc | [D 2020] Quintana Roo: Lluvia severa el 26 de octubre de 2020 | [E 2020] Quintana Roo: Lluvia severa e inundación pluvial del 3 al 5 de junio de 2020 (T.T. Cristóbal) (pob:6,045 $22,611,824) | [E 2020] Yucatán: Lluvia severa e inundación pluvial del 1 al 7 de junio de 2020 (T.T. Cristóbal) (pob:56,000 $96,266,968) | [E 2020] Quintana Roo: Vientos fuertes y lluvia severa los días 5 y 6 de octubre de 2020 (pob:20,308 $29,241,840) | [E 2020] Yucatán: Lluvia severa e inundación pluvial del 1 al 8 de octubre de 2020 (pob:39,912 $87,377,212) | [E 2020] Quintana Roo: Lluvia severa el 26 de octubre de 2020 (pob:6,407 $10,753,684)"
carmen_serdan,Xicotepec,1,1,34729,34729,29927476.47,Carretero; Educativo; Hidráulico y Salud,Hidrometeorológico: 1D/1E,"2021: 1D/1E pob:34,729 $29.9M","[D 2021] Puebla: Huracán ""Grace"" categoría 2 (lluvia severa) el 21 de agosto de 2021 | [E 2021] Puebla: Huracán categoría 2 ""Grace"" (lluvia severa) e inundación fluvial los días 21 y 2 (pob:34,729 $29,927,476)"
cascada_de_agua_azul,Chilón; Salto de Agua; Tumbalá,5,3,112936,112936,291584195.08,Carretero; Carretero Rural; Educativo; Hidráulico; Salud; Vial Urbano y Vivienda,Hidrometeorológico: 4D/3E; Geológico: 1D/0E,"2019: 1D/0E pob:0 $0.0M; 2020: 4D/3E pob:112,936 $291.6M","[D 2019] Chiapas: Sequía severa ocurrida del 1 de diciembre del 2018 al 30 de noviembre del 2019 e | [D 2020] Chiapas: Lluvia severa, inundación pluvial e inundación fluvial del 1 al 3 de octubre de  | [D 2020] Chiapas: Movimiento de ladera del 1 al 4 de octubre de 2020 | [D 2020] Chiapas: Lluvia severa el 5 y 6 de noviembre de 2020 | [D 2020] Chiapas: Inundación fluvial y pluvial el 5 y 6 de noviembre de 2020 | [E 2020] Chiapas: Lluvia severa e inundación pluvial y fluvial del 1 al 3 de octubre de 2020 (pob:39,223 $63,167,895) | [E 2020] Chiapas: Lluvia severa el 5 y 6 de noviembre de 2020 (pob:24,607 $88,181,600) | [E 2020] Chiapas: Inundación fluvial y pluvial los días 5 y 6 de noviembre de 2020 (pob:49,106 $140,234,700)"
cascada_de_bassaseachic,Ocampo,1,3,111645,111645,115178700.07,Hidráulico,Hidrometeorológico: 1D/3E,"2019: 0D/2E pob:71,713 $84.2M; 2020: 1D/0E pob:0 $0.0M; 2021: 0D/1E pob:39,932 $30.9M","[D 2020] Chihuahua: Sequía severa del 1 de mayo al 30 de noviembre de 2020 | [E 2019] Chihuahua: Nevada severa del 29 al 30 de diciembre de 2018 (pob:64,751 $72,187,821) | [E 2019] Chihuahua: Lluvia severa e inundación fluvial y pluvial los días 27, 28 y 29 de noviembre d (pob:6,962 $12,042,456) | [E 2021] Chihuahua: Nevada y helada severas el 30 y 31 de diciembre de 2020 (pob:39,932 $30,948,422)"
cerro_de_la_silla,Juárez,1,0,0,0,0,Carretero; Educativo; Salud; Vial Urbano y Vivienda,Hidrometeorológico: 1D/0E,2019: 1D/0E pob:0 $0.0M,[D 2019] Nuevo León: Lluvia severa e inundación pluvial y fluvial el 4 de septiembre de 2019
cerro_mohinora,Guadalupe y Calvo,2,4,76701,76701,63028577.58,Carretero; Hidráulico; Vial Urbano y Vivienda,Hidrometeorológico: 2D/4E,"2018: 0D/1E pob:24,344 $16.2M; 2019: 1D/1E pob:6,962 $12.0M; 2020: 1D/1E pob:5,463 $3.9M; 2021: 0D/1E pob:39,932 $30.9M","[D 2019] Chihuahua: Lluvia severa el 27 y 28 de noviembre e inundación fluvial el 28 de noviembre de | [D 2020] Chihuahua: Sequía severa del 1 de mayo al 30 de noviembre de 2020 | [E 2018] Chihuahua: Helada severa a partir del día 21 de diciembre de 2018 (pob:24,344 $16,181,233) | [E 2019] Chihuahua: Lluvia severa e inundación fluvial y pluvial los días 27, 28 y 29 de noviembre d (pob:6,962 $12,042,456) | [E 2020] Chihuahua: Helada y nevada severa del 3 al 5 de enero de 2020 (pob:5,463 $3,856,466) | [E 2021] Chihuahua: Nevada y helada severas el 30 y 31 de diciembre de 2020 (pob:39,932 $30,948,422)"
chamela_cuixmala,La Huerta,4,4,35000,35000,19237784.39,Carretero; Deportivo; Educativo; Hidráulico; Naval; Naval y Pesquero y Acuícola; Pesquero y Acuícola; Vial Urbano y Vivienda,Hidrometeorológico: 4D/4E,"2019: 2D/2E pob:8,591 $7.4M; 2020: 1D/1E pob:19,958 $7.4M; 2021: 1D/1E pob:6,451 $4.4M","[D 2019] Jalisco: Huracán Lorena (lluvia severa) el 18 de septiembre de 2019 | [D 2019] Jalisco: Tormenta Tropical Narda (Lluvia severa) ocurrida el día 29 de septiembre de 2019 | [D 2020] Jalisco: Lluvia severa del 27 al 28 de agosto de 2020 en 5 municipios y vientos fuertes e | [D 2021] Jalisco: Huracán (Lluvia severa), inundación fluvial y vientos fuertes el 28 y 29 de agos | [E 2019] Jalisco: Presencia huracán ""Lorena"" (Lluvia Severa) el 18 de septiembre de 2019 (pob:3,375 $4,566,250) | [E 2019] Jalisco: Inundación fluvial y pluvial el 29 de septiembre de 2019 por huracán ""Narda"" (pob:5,216 $2,856,960) | [E 2020] Jalisco: Lluvia severa y vientos fuertes los días 27 y 28 de agosto de 2020 (pob:19,958 $7,421,919) | [E 2021] Jalisco: Huracán categoría 1 ""Nora"" (lluvia severa y vientos fuerte) e inundación fluvial (pob:6,451 $4,392,655)"
cofre_de_perote_o_nauhcampatepetl,Ayahualulco; Ixhuacán de los Reyes; Perote,3,2,7781,7781,11777038.71,Carretero; Educativo; Educativo e Hidráulico; Hidráulico y Vial Urbano,Hidrometeorológico: 1D/2E; Geológico: 2D/0E,"2018: 0D/1E pob:2,546 $1.4M; 2019: 0D/1E pob:5,235 $10.3M; 2022: 1D/0E pob:0 $0.0M; 2023: 2D/0E pob:0 $0.0M","[D 2022] Veracruz: Movimiento de ladera del 20 al 23 de junio de 2022 | [D 2023] Veracruz: Movimiento de ladera del 3 al 7 de agosto de 2023 | [D 2023] Veracruz: Lluvia severa e inundación pluvial del 3 al 4 de agosto de 2023 | [E 2018] Veracruz: Helada severa a partir del día 21 de diciembre de 2018 (pob:2,546 $1,441,063) | [E 2019] Veracruz: Helada severa del 21 al 22 de enero de 2019 (pob:5,235 $10,335,976)"
complejo_lagunar_ojo_de_liebre,Mulegé; San Quintín,5,3,15953,15953,29325263.46,Carretero; Deportivo; Educativo; Educativo y Naval; Forestal y de Viveros; Hidráulico; Hidráulico y Naval; Naval; Naval y Pesquero; y Naval,Hidrometeorológico: 5D/3E,"2019: 0D/1E pob:2,617 $13.1M; 2020: 0D/1E pob:1,336 $5.5M; 2022: 3D/0E pob:0 $0.0M; 2023: 2D/1E pob:12,000 $10.8M","[D 2022] Baja California Sur: Lluvia severa e inundación fluvial los días 2 y 3 de septiembre 2022 | [D 2022] Baja California Sur: Lluvia severa, vientos fuertes e inundación fluvial del 7 al 9 de septiembre de  | [D 2022] Baja California: Inundación pluvial y lluvia severa del 8 al 11 de septiembre de 2022 | [D 2023] Baja California Sur: Lluvia severa e inundación pluvial el 19 de agosto de 2023 | [D 2023] Baja California: Lluvia severa, inundación fluvial y pluvial, y vientos fuertes del 18 al 20 de a | [E 2019] Baja California Sur: Lluvia severa e inundación pluvial el 27 y 28 de noviembre de 2019 (pob:2,617 $13,098,771) | [E 2020] Baja California Sur: Lluvia severa e inundación pluvial el 12 y 13 de marzo de 2020 (pob:1,336 $5,469,572) | [E 2023] Baja California Sur: Huracán Hilary y lluvia severa, el 19 de agosto de 2023 (pob:12,000 $10,756,920)"
constitucion_de_1857,Ensenada,3,1,1500,1500,465815.0,Carretero; Educativo; Educativo y Naval; Forestal y de Viveros; Hidráulico; Naval y Pesquero; Vial Urbano y Vivienda,Incendio Forestal: 1D/1E; Hidrometeorológico: 2D/0E,"2019: 1D/1E pob:1,500 $0.5M; 2022: 1D/0E pob:0 $0.0M; 2023: 1D/0E pob:0 $0.0M","[D 2019] Baja California: Incendios forestales presentados del 24, 25 y 26 de octubre de 2019 | [D 2022] Baja California: Inundación pluvial y lluvia severa del 8 al 11 de septiembre de 2022 | [D 2023] Baja California: Lluvia severa, inundación fluvial y pluvial, y vientos fuertes del 18 al 20 de a | [E 2019] Baja California: Incendios forestales a partir del 24 de octubre de 2019 (pob:1,500 $465,815)"
corredor_biologico_chichinautzin,Tlalnepantla,0,1,564,564,221418.6,,Geológico: 0D/1E,2021: 0D/1E pob:564 $0.2M,"[E 2021] Estado de México: Presencia de movimiento de ladera (Extraordinaria) (pob:564 $221,419)"
costa_occ_de_i_mujeres_pta_cancun_y_pta_nizuc,Benito Juárez; Isla Mujeres,2,1,20308,20308,29241840.28,Deportivo; Educativo; Hidráulico; Naval; Salud; Turístico; Vial Urbano y Vivienda,Hidrometeorológico: 2D/1E,"2019: 1D/0E pob:0 $0.0M; 2020: 1D/1E pob:20,308 $29.2M","[D 2019] Quintana Roo: Sequía severa ocurrida del 1 de mayo al 30 de noviembre del 2019 en 9 municipios | [D 2020] Quintana Roo: Huracán Delta (lluvia severa y vientos fuertes) los días 5 y 6 de octubre de 202 | [E 2020] Quintana Roo: Vientos fuertes y lluvia severa los días 5 y 6 de octubre de 2020 (pob:20,308 $29,241,840)"
cumbres_de_majalca,Chihuahua,1,2,40512,40512,32422532.86,Hidráulico,Hidrometeorológico: 1D/2E,"2020: 1D/0E pob:0 $0.0M; 2021: 0D/2E pob:40,512 $32.4M","[D 2020] Chihuahua: Sequía severa del 1 de mayo al 30 de noviembre de 2020 | [E 2021] Chihuahua: Nevada y helada severas el 30 y 31 de diciembre de 2020 (pob:39,932 $30,948,422) | [E 2021] Chihuahua: Lluvia severa e inundación pluvial del 27 al 30 de junio de 2021 (pob:580 $1,474,111)"
cumbres_de_monterrey,Allende; Arteaga; Cadereyta Jiménez; Galeana; García; Guadalupe; Juárez; Montemorelos; Monterrey; Rayones; San Pedro Garza García; Santa Catarina; Santiago,3,6,41327,41327,29800550.66,Carretero; Deportivo; Educativo; Forestal y de Viveros; Hidráulico; Residuos Sólidos; Salud; Vial Urbano y Vivienda,Hidrometeorológico: 2D/4E; Incendio Forestal: 1D/2E,"2019: 1D/1E pob:1,124 $1.2M; 2020: 1D/3E pob:38,310 $27.6M; 2021: 1D/2E pob:1,893 $1.0M","[D 2019] Nuevo León: Lluvia severa e inundación pluvial y fluvial el 4 de septiembre de 2019 | [D 2020] Nuevo León: Lluvia severa, inundación pluvial e inundación fluvial ocurridas los días 25, 26 | [D 2021] Nuevo León: Incendio Forestal del 13 de marzo al 5 de abril de 2021 | [E 2019] Coahuila: Granizada severa el 17 de abril de 2019 (pob:1,124 $1,173,045) | [E 2020] Coahuila: Lluvia severa el 22 de julio de 2020 (pob:398 $2,730,552) | [E 2020] Coahuila: Lluvia severa el 26 de julio de 2020 (Huracán ""Hanna"") (pob:7,645 $21,651,050) | [E 2020] Nuevo León: Lluvia severa e inundación pluvial y fluvial del 24 al 27 de julio de 2020 (Hura (pob:30,267 $3,261,584) | [E 2021] Coahuila: Incendio forestal el 16 de marzo de 2021 (pob:480 $792,786) | [E 2021] Nuevo León: Incendio forestal del 13 de marzo al 2 de abril de 2021 (pob:1,413 $191,533)"
dzibilchantun,Mérida,1,1,39912,39912,87377211.78,Carretero; Educativo; Naval; Pesquero y Acuícola; Vial Urbano y Vivienda,Hidrometeorológico: 1D/1E,"2020: 1D/1E pob:39,912 $87.4M","[D 2020] Yucatán: Lluvia severa, Huracán ""Delta"" Categoría 2 e inundación pluvial del 1 al 8 de oc | [E 2020] Yucatán: Lluvia severa e inundación pluvial del 1 al 8 de octubre de 2020 (pob:39,912 $87,377,212)"
el_jabali,Comala; Cuauhtémoc,3,1,1741,1741,10419232.94,Artísticos e Históricos; Carretero; Cultura; Deportivo; Educativo; Hidráulico; Monumentos Arqueológicos; Naval y Salud; Naval y Zonas Costeras; Pesquero y Acuícola; Vial Urbano y Vivienda,Hidrometeorológico: 2D/1E; Geológico: 1D/0E,"2019: 1D/1E pob:1,741 $10.4M; 2021: 1D/0E pob:0 $0.0M; 2022: 1D/0E pob:0 $0.0M","[D 2019] Colima: Lluvia severa, inundación fluvial y pluvial el 29 y 30 de septiembre de 2019 | [D 2021] Colima: Huracán (lluvia severa), inundación fluvial y pluvial el 28 y el 29 de agosto de | [D 2022] Colima: Sismo magnitud 7.7 el 19 de septiembre de 2022 | [E 2019] Colima: Lluvia severa e inundación fluvial y pluvial el 29 y 30 de septiembre de 2019 po (pob:1,741 $10,419,233)"
el_pinacate_y_gran_desierto_de_altar,General Plutarco Elías Calles; Puerto Peñasco; San Luis Río Colorado,2,5,49075,49075,74685266.83,Carretero; Educativo; Hidráulico; Naval; Vial Urbano y Vivienda,Hidrometeorológico: 2D/5E,"2019: 1D/4E pob:46,592 $72.8M; 2020: 1D/1E pob:2,483 $1.9M","[D 2019] Sonora: Lluvia severa e inundación fluvial y pluvial del 27 al 29 de noviembre de 2019 | [D 2020] Sonora: Sequía severa del 1 de mayo al 30 de noviembre de 2020 | [E 2019] Sonora: Helada y nevada severa del 30 de diciembre de 2018 al 02 de enero de 2019 (pob:18,506 $19,484,036) | [E 2019] Sonora: Helada y nevada severa del 20 al 24 de febrero de 2019 (pob:9,207 $8,876,335) | [E 2019] Sonora: Lluvia severa e inundación pluvial los días 24 y 25 de septiembre de 2019 por Fr (pob:12,071 $22,274,732) | [E 2019] Sonora: Lluvia severa e inundación fluvial y pluvial los días 27, 28 y 29 de noviembre d (pob:6,808 $22,179,262) | [E 2020] Sonora: Helada severa del 5 al 7 de febrero y lluvia severa e inundación pluvial el 10 d (pob:2,483 $1,870,902)"
el_triunfo,Acacoyagua; Angel Albino Corzo; Chicomuselo; La Concordia; Mapastepec; Pijijiapan; Villa Corzo,4,7,259254,259254,308614625.8,Carretero; Carretero Rural; Educativo; Hidráulico; Naval; Pesquero y Acuícola; Salud; Vial Urbano y Vivienda,Hidrometeorológico: 3D/5E; Incendio Forestal: 0D/2E; Geológico: 1D/0E,"2019: 1D/4E pob:199,261 $50.2M; 2020: 3D/3E pob:59,993 $258.4M","[D 2019] Chiapas: Inundación fluvial del 7 al 10 de octubre de 2019 | [D 2020] Chiapas: Lluvia severa el 3 de junio de 2020 en 7 municipios; lluvia severa el 3 de junio | [D 2020] Chiapas: Movimiento de ladera del 1 al 4 de octubre de 2020 | [D 2020] Chiapas: Inundación fluvial y pluvial el 5 y 6 de noviembre de 2020 | [E 2019] Chiapas: Incendios forestales del 12 al 18 de abril de 2019 (pob:15,565 $3,683,988) | [E 2019] Chiapas: Incendios forestales del 15 al 26 de abril de 2020 (pob:181,437 $20,298,688) | [E 2019] Chiapas: Inundación fluvial el 16 de septiembre de 2019 (pob:1,580 $12,733,165) | [E 2019] Chiapas: Inundación fluvial del 7 al 10 de octubre de 2019 (pob:679 $13,508,317) | [E 2020] Chiapas: Lluvia severa el 3 de junio de 2020 (T.T. Cristóbal) (pob:5,071 $85,930,497) | [E 2020] Chiapas: Lluvia severa e inundación pluvial y fluvial el 22 de agosto de 2020 (pob:5,816 $32,225,271) | [E 2020] Chiapas: Inundación fluvial y pluvial los días 5 y 6 de noviembre de 2020 (pob:49,106 $140,234,700)"
el_veladero,Acapulco de Juárez,5,4,1072061,660061,438562743.08,Carretero; Cultura; Educativo; Hidráulico; Hidráulico y Naval; Monumentos Arqueológicos y Naval; Naval; Pesquero y Acuícola; Salud; Vial Urbano y Vivienda,Hidrometeorológico: 4D/2E; Geológico: 1D/1E; Incendio Forestal: 0D/1E,"2019: 1D/2E pob:259,061 $81.1M; 2020: 1D/0E pob:0 $0.0M; 2021: 1D/1E pob:1,000 $6.4M; 2023: 2D/1E pob:812,000 $351.1M","[D 2019] Guerrero: Lluvia severa e inundación fluvial y pluvial del 28 al 29 de septiembre de 2019 | [D 2020] Guerrero: Lluvia severa, inundación pluvial e inundación fluvial ocurridas del 24 al 27 de | [D 2021] Guerrero: Sismo con magnitud 7.1 el 7 de septiembre de 2021 | [D 2023] Guerrero: Lluvia severa, inundación fluvial y pluvial del 9 al 11 de octubre de 2023 | [D 2023] Guerrero: Lluvia severa, vientos fuertes, e Inundación y pluvial el 24 y 25 de octubre de  | [E 2019] Guerrero: Incendios forestales del 25 de abril al 13 de mayo de 2019 (pob:241,710 $29,608,218) | [E 2019] Guerrero: Lluvia severa e inundación fluvial y pluvial el 28 y 29 de septiembre de 2019 po (pob:17,351 $51,463,968) | [E 2021] Guerrero: Sismo ocurrido 7 de septiembre de 2021 (pob:1,000 $6,389,557) | [E 2023] Guerrero: Lluvia severa y vientos fuertes el día 24 de octubre de 2023 (pob:812,000 $351,101,000)"
el_vizcaino,Comondú; Mulegé; San Quintín,5,4,19966,19966,40285518.58,Carretero; Deportivo; Educativo; Educativo y Naval; Forestal y de Viveros; Hidráulico; Hidráulico y Naval; Naval; Naval y Pesquero; y Naval,Hidrometeorológico: 5D/4E,"2019: 0D/2E pob:6,630 $24.1M; 2020: 0D/1E pob:1,336 $5.5M; 2022: 3D/0E pob:0 $0.0M; 2023: 2D/1E pob:12,000 $10.8M","[D 2022] Baja California Sur: Lluvia severa e inundación fluvial los días 2 y 3 de septiembre 2022 | [D 2022] Baja California Sur: Lluvia severa, vientos fuertes e inundación fluvial del 7 al 9 de septiembre de  | [D 2022] Baja California: Inundación pluvial y lluvia severa del 8 al 11 de septiembre de 2022 | [D 2023] Baja California Sur: Lluvia severa e inundación pluvial el 19 de agosto de 2023 | [D 2023] Baja California: Lluvia severa, inundación fluvial y pluvial, y vientos fuertes del 18 al 20 de a | [E 2019] Baja California Sur: Lluvia severa e inundación pluvial los días 22 y 23 de agosto de 2019 (pob:4,013 $10,960,255) | [E 2019] Baja California Sur: Lluvia severa e inundación pluvial el 27 y 28 de noviembre de 2019 (pob:2,617 $13,098,771) | [E 2020] Baja California Sur: Lluvia severa e inundación pluvial el 12 y 13 de marzo de 2020 (pob:1,336 $5,469,572) | [E 2023] Baja California Sur: Huracán Hilary y lluvia severa, el 19 de agosto de 2023 (pob:12,000 $10,756,920)"
general_juan_alvarez,Chilapa de Álvarez,2,1,17351,17351,51463968.05,Carretero; Educativo; Hidráulico; Monumentos Arqueológicos y Naval; Naval; Pesquero y Acuícola; Salud; Vial Urbano y Vivienda,Hidrometeorológico: 1D/1E; Geológico: 1D/0E,"2019: 1D/1E pob:17,351 $51.5M; 2021: 1D/0E pob:0 $0.0M","[D 2019] Guerrero: Lluvia severa e inundación fluvial y pluvial del 28 al 29 de septiembre de 2019 | [D 2021] Guerrero: Sismo con magnitud 7.1 el 7 de septiembre de 2021 | [E 2019] Guerrero: Lluvia severa e inundación fluvial y pluvial el 28 y 29 de septiembre de 2019 po (pob:17,351 $51,463,968)"
grutas_de_cacahuamilpa,Taxco de Alarcón,0,1,241710,241710,29608218.0,,Incendio Forestal: 0D/1E,"2019: 0D/1E pob:241,710 $29.6M","[E 2019] Guerrero: Incendios forestales del 25 de abril al 13 de mayo de 2019 (pob:241,710 $29,608,218)"
huatulco,Santa María Huatulco,3,4,56109,56109,270032123.03,Carretero; Educativo; Hidráulico; Militar; Monumentos Arqueológicos; Naval; Naval y Turístico; Pesquero y Acuíola; Salud; Turístico; Vial Urbano y Vivienda,Hidrometeorológico: 2D/2E; Geológico: 1D/2E,"2019: 1D/1E pob:5,507 $31.2M; 2020: 1D/2E pob:26,986 $162.4M; 2022: 1D/1E pob:23,616 $76.5M","[D 2019] Oaxaca: Lluvia severa, inundación fluvial y pluvial ocurridas los días 28, 29 y 30 de se | [D 2020] Oaxaca: Sismo magnitud 7.4 el día 23 de junio de 2020 | [D 2022] Oaxaca: Lluvia severa, vientos fuertes, inundación pluvial e inundación fluvial del 29 a | [E 2019] Oaxaca: Lluvia severa e inundación fluvial y pluvial el 28 y 29 de septiembre por el hur (pob:5,507 $31,196,865) | [E 2020] Oaxaca: Sismo de magnitud 7.4 (pob:26,125 $135,962,301) | [E 2020] Oaxaca: Movimiento de ladera los días 27 y 28 de agosto de 2020 (pob:861 $26,416,308) | [E 2022] Oaxaca: Impacto inminente del huracán ""Agatha"" -extraordinario- el día 30 de mayo de 202 (pob:23,616 $76,456,649)"
huatulco_ii,Santa María Huatulco,3,4,56109,56109,270032123.03,Carretero; Educativo; Hidráulico; Militar; Monumentos Arqueológicos; Naval; Naval y Turístico; Pesquero y Acuíola; Salud; Turístico; Vial Urbano y Vivienda,Hidrometeorológico: 2D/2E; Geológico: 1D/2E,"2019: 1D/1E pob:5,507 $31.2M; 2020: 1D/2E pob:26,986 $162.4M; 2022: 1D/1E pob:23,616 $76.5M","[D 2019] Oaxaca: Lluvia severa, inundación fluvial y pluvial ocurridas los días 28, 29 y 30 de se | [D 2020] Oaxaca: Sismo magnitud 7.4 el día 23 de junio de 2020 | [D 2022] Oaxaca: Lluvia severa, vientos fuertes, inundación pluvial e inundación fluvial del 29 a | [E 2019] Oaxaca: Lluvia severa e inundación fluvial y pluvial el 28 y 29 de septiembre por el hur (pob:5,507 $31,196,865) | [E 2020] Oaxaca: Sismo de magnitud 7.4 (pob:26,125 $135,962,301) | [E 2020] Oaxaca: Movimiento de ladera los días 27 y 28 de agosto de 2020 (pob:861 $26,416,308) | [E 2022] Oaxaca: Impacto inminente del huracán ""Agatha"" -extraordinario- el día 30 de mayo de 202 (pob:23,616 $76,456,649)"
humedales_de_montana_la_kisst_y_maria_eugenia,San Cristóbal de las Casas,1,2,54177,54177,226165197.37,Carretero; Carretero Rural; Educativo; Hidráulico; Salud; Vial Urbano y Vivienda,Hidrometeorológico: 1D/2E,"2020: 1D/2E pob:54,177 $226.2M","[D 2020] Chiapas: Inundación fluvial y pluvial el 5 y 6 de noviembre de 2020 | [E 2020] Chiapas: Lluvia severa el 3 de junio de 2020 (T.T. Cristóbal) (pob:5,071 $85,930,497) | [E 2020] Chiapas: Inundación fluvial y pluvial los días 5 y 6 de noviembre de 2020 (pob:49,106 $140,234,700)"
insurgente_jose_maria_morelos,Tzitzio,0,1,9367,9367,5302236.57,,Hidrometeorológico: 0D/1E,"2018: 0D/1E pob:9,367 $5.3M","[E 2018] Michoacán: Helada severa a partir del día 21 de diciembre de 2018 (pob:9,367 $5,302,237)"
isla_guadalupe,San Quintín,2,0,0,0,0,Carretero; Educativo; Educativo y Naval; Hidráulico; Naval y Pesquero,Hidrometeorológico: 2D/0E,2022: 1D/0E pob:0 $0.0M; 2023: 1D/0E pob:0 $0.0M,"[D 2022] Baja California: Inundación pluvial y lluvia severa del 8 al 11 de septiembre de 2022 | [D 2023] Baja California: Lluvia severa, inundación fluvial y pluvial, y vientos fuertes del 18 al 20 de a"
islas_del_golfo_de_california,Ahome; Cajeme; Chihuahua; Cuauhtémoc; Culiacán; El Fuerte; Ensenada; Guasave; Guaymas; Hermosillo; Juárez; La Paz; Los Cabos; Mazatlán; Mexicali; Navojoa; Navolato; Nogales; San Luis Río Colorado; San Quintín,14,23,277575,277575,359866154.65,Carretero; Cultura; Deportivo; Educativo; Educativo y Naval; Forestal y de Viveros; Hidráulico; Hidráulico y Naval; Naval; Naval y Pesquero; Naval y Pesquero y Acuícola; Naval y Turístico; Vial Urbano y Vivienda; y Naval,Hidrometeorológico: 13D/22E; Incendio Forestal: 1D/1E,"2019: 4D/14E pob:161,327 $265.7M; 2020: 3D/2E pob:6,207 $25.7M; 2021: 2D/6E pob:73,070 $61.7M; 2022: 3D/1E pob:36,971 $6.7M; 2023: 2D/0E pob:0 $0.0M","[D 2019] Baja California Sur: Huracán Lorena (Lluvia severa y vientos fuertes) el 20 de septiembre de 2019 | [D 2019] Baja California Sur: Lluvia severa e inundación fluvial y pluvial el 13 de octubre de 2019 | [D 2019] Baja California: Incendios forestales presentados del 24, 25 y 26 de octubre de 2019 | [D 2019] Sonora: Lluvia severa e inundación fluvial y pluvial del 27 al 29 de noviembre de 2019 | [D 2020] Chihuahua: Sequía severa del 1 de mayo al 30 de noviembre de 2020 | [D 2020] Sinaloa: Sequía severa del 1 de mayo al 30 de noviembre de 2020 | [D 2020] Sonora: Sequía severa del 1 de mayo al 30 de noviembre de 2020 | [D 2021] Sinaloa: Huracán “Nora” Categoría 1(Lluvia severa y vientos fuertes) del 28 y al 30 de ag | [D 2021] Baja California Sur: Inundación pluvial, lluvia severa y vientos fuertes el 9 y 10 de septiembre de 2 | [D 2022] Baja California Sur: Lluvia severa e inundación fluvial los días 2 y 3 de septiembre 2022 | [D 2022] Baja California Sur: Lluvia severa, vientos fuertes e inundación fluvial del 7 al 9 de septiembre de  | [D 2022] Baja California: Inundación pluvial y lluvia severa del 8 al 11 de septiembre de 2022 | [D 2023] Baja California: Lluvia severa, inundación fluvial y pluvial, y vientos fuertes del 18 al 20 de a | [D 2023] Baja California Sur: Lluvia severa, inundación fluvial y pluvial y vientos fuertes del 20 al 22 de oc | [E 2019] Chihuahua: Nevada severa del 29 al 30 de diciembre de 2018 (pob:64,751 $72,187,821) | [E 2019] Sonora: Helada y nevada severa del 30 de diciembre de 2018 al 02 de enero de 2019 (pob:18,506 $19,484,036) | [E 2019] Sonora: Helada y nevada severa del 20 al 24 de febrero de 2019 (pob:9,207 $8,876,335) | [E 2019] Sinaloa: Lluvia severa e inundación pluvial los días 21 y 22 de agosto de 2019 (pob:16,839 $23,188,625) | [E 2019] Sinaloa: Lluvia severa e inundación fluvial y pluvial el 23 de agosto de 2019 (pob:6,473 $11,887,335) | [E 2019] Baja California Sur: Lluvia severa e inundación pluvial los días 22 y 23 de agosto de 2019 (pob:4,013 $10,960,255) | [E 2019] Baja California Sur: Lluvia severa y vientos fuertes el 20 de septiembre de 2019 por el huracán ""Lore (pob:2,849 $13,332,330) | [E 2019] Sonora: Lluvia severa e inundación pluvial el 21 de septiembre de 2019 por el huracán ""L (pob:7,238 $27,553,685) | [E 2019] Sonora: Lluvia severa e inundación pluvial los días 24 y 25 de septiembre de 2019 por Fr (pob:12,071 $22,274,732) | [E 2019] Baja California Sur: Lluvia severa e inundación fluvial y pluvial el 13 de octubre de 2019 (pob:3,724 $18,603,215) | [E 2019] Baja California: Incendios forestales a partir del 24 de octubre de 2019 (pob:1,500 $465,815) | [E 2019] Sinaloa: Lluvia severa e inundación pluvial el 28 de noviembre de 2019 (pob:4,731 $1,624,958) | [E 2019] Baja California Sur: Lluvia severa e inundación pluvial el 27 y 28 de noviembre de 2019 (pob:2,617 $13,098,771) | [E 2019] Sonora: Lluvia severa e inundación fluvial y pluvial los días 27, 28 y 29 de noviembre d (pob:6,808 $22,179,262) | [E 2020] Sonora: Helada severa del 5 al 7 de febrero y lluvia severa e inundación pluvial el 10 d (pob:2,483 $1,870,902) | [E 2020] Baja California Sur: Lluvia severa e inundación pluvial el 19 de agosto de 2020 (Huracán Genevieve) (pob:3,724 $23,831,993) | [E 2021] Chihuahua: Nevada y helada severas el 30 y 31 de diciembre de 2020 (pob:39,932 $30,948,422) | [E 2021] Chihuahua: Lluvia severa e inundación pluvial del 27 al 30 de junio de 2021 (pob:580 $1,474,111) | [E 2021] Sonora: Inundación pluvial el 27 de julio de 2021 (pob:3,600 $4,189,492) | [E 2021] Sinaloa: Lluvia severa y vientos fuertes los días 28, 29 y 30 de agosto de 2021 (Huracán  (pob:7,969 $13,590,810) | [E 2021] Baja California Sur: Ciclón tropical ""Olaf"" (lluvia severa y vientos fuertes) e inundación pluvial de (pob:8,037 $6,025,315) | [E 2021] Sinaloa: Presencia del huracán Pamela (lluvia severa y vientos fuertes) los días 12 y 13  (pob:12,952 $5,502,657) | [E 2022] Sinaloa: Onda de calor ocurrida el 05 de mayo de 2022 (pob:36,971 $6,715,277)"
islas_del_pacifico_de_la_peninsula_de_baja_california,Altar; Caborca; Comondú; Ensenada; General Plutarco Elías Calles; Hermosillo; La Paz; Loreto; Mexicali; Mulegé; Pitiquito; Playas de Rosarito; Puerto Peñasco; San Luis Río Colorado; San Quintín; Sáric; Tecate; Tijuana; Trincheras; Tubutama,13,15,96113,96113,204783137.92,Carretero; Deportivo; Educativo; Educativo y Naval; Forestal y de Viveros; Hidráulico; Hidráulico y Naval; Naval; Naval y Pesquero; Naval y Turístico; Vial Urbano y Vivienda; y Naval,Hidrometeorológico: 12D/14E; Incendio Forestal: 1D/1E,"2019: 4D/10E pob:68,533 $156.8M; 2020: 2D/3E pob:7,543 $31.2M; 2021: 1D/1E pob:8,037 $6.0M; 2022: 3D/0E pob:0 $0.0M; 2023: 3D/1E pob:12,000 $10.8M","[D 2019] Baja California Sur: Huracán Lorena (Lluvia severa y vientos fuertes) el 20 de septiembre de 2019 | [D 2019] Baja California Sur: Lluvia severa e inundación fluvial y pluvial el 13 de octubre de 2019 | [D 2019] Baja California: Incendios forestales presentados del 24, 25 y 26 de octubre de 2019 | [D 2019] Sonora: Lluvia severa e inundación fluvial y pluvial del 27 al 29 de noviembre de 2019 | [D 2020] Baja California Sur: Sequía severa del 1 de mayo al 30 de noviembre de 2020 | [D 2020] Sonora: Sequía severa del 1 de mayo al 30 de noviembre de 2020 | [D 2021] Baja California Sur: Inundación pluvial, lluvia severa y vientos fuertes el 9 y 10 de septiembre de 2 | [D 2022] Baja California Sur: Lluvia severa e inundación fluvial los días 2 y 3 de septiembre 2022 | [D 2022] Baja California Sur: Lluvia severa, vientos fuertes e inundación fluvial del 7 al 9 de septiembre de  | [D 2022] Baja California: Inundación pluvial y lluvia severa del 8 al 11 de septiembre de 2022 | [D 2023] Baja California Sur: Lluvia severa e inundación pluvial el 19 de agosto de 2023 | [D 2023] Baja California: Lluvia severa, inundación fluvial y pluvial, y vientos fuertes del 18 al 20 de a | [D 2023] Baja California Sur: Lluvia severa, inundación fluvial y pluvial y vientos fuertes del 20 al 22 de oc | [E 2019] Sonora: Helada y nevada severa del 30 de diciembre de 2018 al 02 de enero de 2019 (pob:18,506 $19,484,036) | [E 2019] Sonora: Helada y nevada severa del 20 al 24 de febrero de 2019 (pob:9,207 $8,876,335) | [E 2019] Baja California Sur: Lluvia severa e inundación pluvial los días 22 y 23 de agosto de 2019 (pob:4,013 $10,960,255) | [E 2019] Baja California Sur: Lluvia severa y vientos fuertes el 20 de septiembre de 2019 por el huracán ""Lore (pob:2,849 $13,332,330) | [E 2019] Sonora: Lluvia severa e inundación pluvial el 21 de septiembre de 2019 por el huracán ""L (pob:7,238 $27,553,685) | [E 2019] Sonora: Lluvia severa e inundación pluvial los días 24 y 25 de septiembre de 2019 por Fr (pob:12,071 $22,274,732) | [E 2019] Baja California Sur: Lluvia severa e inundación fluvial y pluvial el 13 de octubre de 2019 (pob:3,724 $18,603,215) | [E 2019] Baja California: Incendios forestales a partir del 24 de octubre de 2019 (pob:1,500 $465,815) | [E 2019] Baja California Sur: Lluvia severa e inundación pluvial el 27 y 28 de noviembre de 2019 (pob:2,617 $13,098,771) | [E 2019] Sonora: Lluvia severa e inundación fluvial y pluvial los días 27, 28 y 29 de noviembre d (pob:6,808 $22,179,262) | [E 2020] Sonora: Helada severa del 5 al 7 de febrero y lluvia severa e inundación pluvial el 10 d (pob:2,483 $1,870,902) | [E 2020] Baja California Sur: Lluvia severa e inundación pluvial el 12 y 13 de marzo de 2020 (pob:1,336 $5,469,572) | [E 2020] Baja California Sur: Lluvia severa e inundación pluvial el 19 de agosto de 2020 (Huracán Genevieve) (pob:3,724 $23,831,993) | [E 2021] Baja California Sur: Ciclón tropical ""Olaf"" (lluvia severa y vientos fuertes) e inundación pluvial de (pob:8,037 $6,025,315) | [E 2023] Baja California Sur: Huracán Hilary y lluvia severa, el 19 de agosto de 2023 (pob:12,000 $10,756,920)"
islas_la_pajarera_cocinas_mamut_colorada_san_pedro_san_agustin_san_andres_y_negr,La Huerta,4,4,35000,35000,19237784.39,Carretero; Deportivo; Educativo; Hidráulico; Naval; Naval y Pesquero y Acuícola; Pesquero y Acuícola; Vial Urbano y Vivienda,Hidrometeorológico: 4D/4E,"2019: 2D/2E pob:8,591 $7.4M; 2020: 1D/1E pob:19,958 $7.4M; 2021: 1D/1E pob:6,451 $4.4M","[D 2019] Jalisco: Huracán Lorena (lluvia severa) el 18 de septiembre de 2019 | [D 2019] Jalisco: Tormenta Tropical Narda (Lluvia severa) ocurrida el día 29 de septiembre de 2019 | [D 2020] Jalisco: Lluvia severa del 27 al 28 de agosto de 2020 en 5 municipios y vientos fuertes e | [D 2021] Jalisco: Huracán (Lluvia severa), inundación fluvial y vientos fuertes el 28 y 29 de agos | [E 2019] Jalisco: Presencia huracán ""Lorena"" (Lluvia Severa) el 18 de septiembre de 2019 (pob:3,375 $4,566,250) | [E 2019] Jalisco: Inundación fluvial y pluvial el 29 de septiembre de 2019 por huracán ""Narda"" (pob:5,216 $2,856,960) | [E 2020] Jalisco: Lluvia severa y vientos fuertes los días 27 y 28 de agosto de 2020 (pob:19,958 $7,421,919) | [E 2021] Jalisco: Huracán categoría 1 ""Nora"" (lluvia severa y vientos fuerte) e inundación fluvial (pob:6,451 $4,392,655)"
jaguar,Tulum,2,1,6407,6407,10753684.24,Deportivo; Educativo; Hidráulico; Naval; Vial Urbano y Vivienda,Hidrometeorológico: 2D/1E,"2019: 1D/0E pob:0 $0.0M; 2020: 1D/1E pob:6,407 $10.8M","[D 2019] Quintana Roo: Sequía severa ocurrida del 1 de mayo al 30 de noviembre del 2019 en 9 municipios | [D 2020] Quintana Roo: Lluvia severa el 26 de octubre de 2020 | [E 2020] Quintana Roo: Lluvia severa el 26 de octubre de 2020 (pob:6,407 $10,753,684)"
janos,Agua Prieta; Bacerac; Bavispe; Casas Grandes; Huachinera; Janos,2,10,160094,160094,183018507.66,Carretero; Educativo; Hidráulico; Naval; Vial Urbano y Vivienda,Hidrometeorológico: 2D/10E,"2019: 1D/6E pob:108,133 $136.3M; 2020: 1D/2E pob:6,029 $7.6M; 2021: 0D/2E pob:45,932 $39.1M","[D 2019] Sonora: Lluvia severa e inundación fluvial y pluvial del 27 al 29 de noviembre de 2019 | [D 2020] Chihuahua: Sequía severa del 1 de mayo al 30 de noviembre de 2020 | [E 2019] Chihuahua: Nevada severa del 29 al 30 de diciembre de 2018 (pob:64,751 $72,187,821) | [E 2019] Sonora: Helada y nevada severa del 30 de diciembre de 2018 al 02 de enero de 2019 (pob:18,506 $19,484,036) | [E 2019] Sonora: Helada y nevada severa del 20 al 24 de febrero de 2019 (pob:9,207 $8,876,335) | [E 2019] Sonora: Inundación fluvial y pluvial el 8 de septiembre de 2019 (pob:1,899 $1,543,595) | [E 2019] Sonora: Lluvia severa e inundación fluvial y pluvial los días 27, 28 y 29 de noviembre d (pob:6,808 $22,179,262) | [E 2019] Chihuahua: Lluvia severa e inundación fluvial y pluvial los días 27, 28 y 29 de noviembre d (pob:6,962 $12,042,456) | [E 2020] Sonora: Helada severa del 5 al 7 de febrero y lluvia severa e inundación pluvial el 10 d (pob:2,483 $1,870,902) | [E 2020] Sonora: Lluvia severa e inundación fluvial del 12 al 20 de marzo de 2020 (pob:3,546 $5,765,746) | [E 2021] Chihuahua: Nevada y helada severas el 30 y 31 de diciembre de 2020 (pob:39,932 $30,948,422) | [E 2021] Sonora: Inundación pluvial el 22 de julio de 2021 (pob:6,000 $8,119,932)"
la_encrucijada,Acacoyagua; Acapetahua; Escuintla; Huehuetán; Huixtla; Mapastepec; Mazatán; Pijijiapan; Villa Comaltitlán,6,12,247598,247598,355891289.81,Carretero; Carretero Rural; Carretero e Hidráulico; Educativo; Hidráulico; Hidráulico y Vial Urbano; Naval; Pesquero y Acuícola; Vial Urbano y Vivienda,Hidrometeorológico: 6D/10E; Incendio Forestal: 0D/2E,"2019: 3D/7E pob:207,671 $76.9M; 2020: 1D/4E pob:39,427 $269.3M; 2021: 1D/1E pob:500 $9.8M; 2022: 1D/0E pob:0 $0.0M","[D 2019] Chiapas: Lluvia severa ocurrida el 17 de agosto de 2019 | [D 2019] Chiapas: Inundación fluvial el 18 de septiembre de 2019 | [D 2019] Chiapas: Inundación fluvial del 7 al 10 de octubre de 2019 | [D 2020] Chiapas: Lluvia severa el 3 de junio de 2020 en 7 municipios; lluvia severa el 3 de junio | [D 2021] Chiapas: Lluvia Severa el 25 de junio de 2021 | [D 2022] Chiapas: Lluvia severa, inundación pluvial e inundación fluvial del 20 al 22 de septiembr | [E 2019] Chiapas: Incendios forestales del 12 al 18 de abril de 2019 (pob:15,565 $3,683,988) | [E 2019] Chiapas: Incendios forestales del 15 al 26 de abril de 2020 (pob:181,437 $20,298,688) | [E 2019] Chiapas: Lluvia severa el 17 de agosto de 2019. (pob:5,459 $9,291,158) | [E 2019] Chiapas: Inundación fluvial el 16 de septiembre de 2019 (pob:1,580 $12,733,165) | [E 2019] Chiapas: Inundación fluvial el 18 de septiembre de 2019 (pob:1,734 $6,273,471) | [E 2019] Chiapas: Inundación fluvial el 26 de septiembre de 2019 (pob:1,217 $11,064,135) | [E 2019] Chiapas: Inundación fluvial del 7 al 10 de octubre de 2019 (pob:679 $13,508,317) | [E 2020] Chiapas: Lluvia severa el 3 de junio de 2020 (T.T. Cristóbal) (pob:5,071 $85,930,497) | [E 2020] Chiapas: Lluvia severa e inundación fluvial y pluvial del 3 al 5 de junio de 2020 (T.T. C (pob:27,718 $150,598,707) | [E 2020] Chiapas: Lluvia severa los días 24 y 25 de junio de 2020 (pob:822 $529,766) | [E 2020] Chiapas: Lluvia severa e inundación pluvial y fluvial el 22 de agosto de 2020 (pob:5,816 $32,225,271) | [E 2021] Chiapas: Lluvia severa el 25 de junio de 2021 (pob:500 $9,754,126)"
la_porcion_norte_y_la_franja_costera_oriental_terrestres_y_marinas_de_la_isla_de,Cozumel,2,2,26715,26715,39995524.52,Deportivo; Educativo; Naval; Salud; Turístico; Vial Urbano y Vivienda,Hidrometeorológico: 2D/2E,"2020: 2D/2E pob:26,715 $40.0M","[D 2020] Quintana Roo: Huracán Delta (lluvia severa y vientos fuertes) los días 5 y 6 de octubre de 202 | [D 2020] Quintana Roo: Lluvia severa el 26 de octubre de 2020 | [E 2020] Quintana Roo: Vientos fuertes y lluvia severa los días 5 y 6 de octubre de 2020 (pob:20,308 $29,241,840) | [E 2020] Quintana Roo: Lluvia severa el 26 de octubre de 2020 (pob:6,407 $10,753,684)"
la_sepultura,Arriaga; Cintalapa; Jiquipilas; Ocozocoautla de Espinosa; San Francisco Ixhuatán; San Francisco del Mar; San Pedro Tapanatepec; Tonalá; Villa Corzo; Villaflores,5,9,337278,337278,377309112.3,Carretero; Carretero Rural; Educativo; Hidráulico; Monumentos Arqueológicos; Naval; Salud; Turístico; Vial Urbano y Vivienda,Hidrometeorológico: 2D/5E; Geológico: 3D/1E; Incendio Forestal: 0D/3E,"2019: 0D/3E pob:186,143 $40.5M; 2020: 5D/3E pob:137,760 $281.6M; 2021: 0D/3E pob:13,375 $55.3M","[D 2020] Oaxaca: Sismo magnitud 7.4 el día 23 de junio de 2020 | [D 2020] Oaxaca: Lluvia severa, inundación pluvial e inundación fluvial del 27 al 28 de agosto de | [D 2020] Chiapas: Movimiento de ladera del 1 al 4 de octubre de 2020 | [D 2020] Chiapas: Inundación fluvial y pluvial el 5 y 6 de noviembre de 2020 | [D 2020] Chiapas: Movimiento de ladera del 5 al 6 de noviembre de 2020 | [E 2019] Chiapas: Incendios forestales del 15 al 26 de abril de 2020 (pob:181,437 $20,298,688) | [E 2019] Oaxaca: Lluvia severa e inundación fluvial y pluvial los días 16 y 17 de octubre de 2019 (pob:2,306 $11,663,329) | [E 2019] Oaxaca: Lluvia severa e inundación pluvial el 16 de octubre de 2019 (pob:2,400 $8,494,537) | [E 2020] Oaxaca: Incendio forestal del 31 de marzo al 1 de abril de 2020 (pob:133 $47,861) | [E 2020] Chiapas: Inundación fluvial y pluvial los días 5 y 6 de noviembre de 2020 (pob:49,106 $140,234,700) | [E 2020] Chiapas: Movimiento de ladera del 5 al 6 de noviembre de 2020 (pob:88,521 $141,317,604) | [E 2021] Oaxaca: Incendio forestal del 01 de enero al 22 de febrero de 2021 (pob:997 $41,372,373) | [E 2021] Oaxaca: Helada severa del 02 al 22 de febrero de 2021 (pob:853 $646,985) | [E 2021] Oaxaca: Lluvia severa e inundación pluvial los días 12 y 13 de septiembre de 2021 (pob:11,525 $13,233,035)"
la_sierra_de_vallejo_rio_ameca,Bahía de Banderas; Mascota; Mixtlán; Puerto Vallarta; Santa María del Oro,2,2,33951,33951,20163217.99,Carretero; Deportivo; Educativo; Hidráulico; Naval; Naval y Pesquero y Acuícola; y Pesquero y Acuícola,Hidrometeorológico: 2D/2E,"2021: 1D/1E pob:6,451 $4.4M; 2022: 1D/1E pob:27,500 $15.8M","[D 2021] Jalisco: Huracán (Lluvia severa), inundación fluvial y vientos fuertes el 28 y 29 de agos | [D 2022] Nayarit: Vientos fuertes, lluvia severa e inundación fluvial, el 23 y 24 de octubre de 20 | [E 2021] Jalisco: Huracán categoría 1 ""Nora"" (lluvia severa y vientos fuerte) e inundación fluvial (pob:6,451 $4,392,655) | [E 2022] Nayarit: Lluvia severa, vientos fuertes, e inundación Fluvial ocurridos en el periodo del (pob:27,500 $15,770,562)"
laguna_de_terminos,Balancán; Candelaria; Carmen; Centla; Champotón; Jonuta; Macuspana; Palizada,4,7,192535,192535,302848373.92,Carretero; Deportivo; Educativo; Hidráulico; Naval; Vial Urbano y Vivienda,Hidrometeorológico: 4D/7E,"2019: 0D/1E pob:8,113 $31.7M; 2020: 4D/6E pob:184,422 $271.1M","[D 2020] Campeche: Lluvia severa ocurrida del 30 de mayo al 5 de junio de 2020 | [D 2020] Tabasco: Lluvia severa el 3 y 4 de junio de 2020 e inundación pluvial del 3 al 5 de junio | [D 2020] Tabasco: Inundación fluvial e inundación pluvial el 29 de octubre de 2020 | [D 2020] Tabasco: Inundación fluvial el 10 de noviembre de 2020 | [E 2019] Tabasco: Vientos fuertes e inundación fluvial y pluvial del 12 al 14 de noviembre de 2019 (pob:8,113 $31,727,431) | [E 2020] Tabasco: Lluvia severa e inundación pluvial del 3 al 5 de junio de 2020 (T.T. Cristóbal) (pob:8,000 $7,985,374) | [E 2020] Campeche: Lluvia severa del 30 de mayo al 5 de junio de 2020 (T.T. Cristóbal) (pob:28,484 $27,861,401) | [E 2020] Tabasco: Lluvia severa e inundación pluvial y fluvial del 28 de septiembre al 4 de octubr (pob:60,740 $41,873,890) | [E 2020] Tabasco: Inundación fluvial el 5 de octubre de 2020 (pob:4,000 $6,268,860) | [E 2020] Tabasco: Inundación fluvial y pluvial el 29 de octubre de 2020 (pob:62,325 $146,957,802) | [E 2020] Tabasco: Inundación fluvial del 7 al 11 de noviembre de 2020 (pob:20,873 $40,173,616)"
laguna_madre_y_delta_del_rio_bravo,Matamoros; Valle Hermoso,2,2,41412,41412,100762040.01,Carretero; Deportivo; Educativo; Hidráulico; Naval; Vial Urbano y Vivienda,Hidrometeorológico: 2D/2E,"2020: 1D/1E pob:40,505 $76.9M; 2021: 1D/1E pob:907 $23.9M","[D 2020] Tamaulipas: Lluvia severa e inundación pluvial ocurrida los días 25 y 26 de julio de 2020 | [D 2021] Tamaulipas: Lluvia severa e inundación pluvial el 8 y el 9 de julio de 2021 | [E 2020] Tamaulipas: Lluvia severa e inundación pluvial los días 25 y 26 de julio de 2020 (Huracán ""H (pob:40,505 $76,884,542) | [E 2021] Tamaulipas: Lluvia severa e inundación pluvial los días 8 y 9 de julio de 2021 (pob:907 $23,877,498)"
lagunas_de_chacahua,Santiago Jamiltepec; Villa de Tututepec,3,4,38450,38450,94033541.97,Carretero; Educativo; Hidráulico; Militar; Naval; Naval y Turístico; Pesquero y Acuíola; Vial Urbano y Vivienda,Hidrometeorológico: 3D/3E; Incendio Forestal: 0D/1E,"2019: 1D/1E pob:36,732 $72.7M; 2020: 1D/2E pob:1,718 $21.3M; 2021: 0D/1E pob:0 $0.0M; 2022: 1D/0E pob:0 $0.0M","[D 2019] Oaxaca: Lluvia severa, inundación fluvial y pluvial ocurridas los días 28, 29 y 30 de se | [D 2020] Oaxaca: Lluvia severa, inundación pluvial e inundación fluvial del 27 al 28 de agosto de | [D 2022] Oaxaca: Lluvia severa, vientos fuertes, inundación pluvial e inundación fluvial del 29 a | [E 2019] Oaxaca: Lluvia severa e inundación fluvial los días 28 y 29 de septiembre de 2019 por el (pob:36,732 $72,734,748) | [E 2020] Oaxaca: Lluvia severa e inundación fluvial y pluvial el 11 de agosto de 2020 (pob:713 $19,487,813) | [E 2020] Oaxaca: Lluvia severa el 27 de agosto de 2020 (pob:1,005 $1,810,981) | [E 2021] Oaxaca: Incendios forestales del 23 de febrero al 5 de abril de 2021 (pob:0 $0)"
lagunas_de_montebello,La Trinitaria,1,2,209155,209155,170897395.03,Carretero; Carretero Rural; Educativo; Hidráulico; Naval; Vial Urbano y Vivienda,Hidrometeorológico: 1D/1E; Incendio Forestal: 0D/1E,"2019: 0D/1E pob:181,437 $20.3M; 2020: 1D/1E pob:27,718 $150.6M","[D 2020] Chiapas: Lluvia severa el 3 de junio de 2020 en 7 municipios; lluvia severa el 3 de junio | [E 2019] Chiapas: Incendios forestales del 15 al 26 de abril de 2020 (pob:181,437 $20,298,688) | [E 2020] Chiapas: Lluvia severa e inundación fluvial y pluvial del 3 al 5 de junio de 2020 (T.T. C (pob:27,718 $150,598,707)"
loreto_ii,Loreto,2,0,0,0,0,Carretero; Deportivo; Educativo; Hidráulico; Naval,Hidrometeorológico: 2D/0E,2020: 1D/0E pob:0 $0.0M; 2023: 1D/0E pob:0 $0.0M,[D 2020] Baja California Sur: Sequía severa del 1 de mayo al 30 de noviembre de 2020 | [D 2023] Baja California Sur: Lluvia severa e inundación pluvial el 19 de agosto de 2023
los_petenes,Campeche; Tenabo,1,1,28484,28484,27861400.86,Carretero; Deportivo; Educativo; Hidráulico; Naval; Vial Urbano y Vivienda,Hidrometeorológico: 1D/1E,"2020: 1D/1E pob:28,484 $27.9M","[D 2020] Campeche: Lluvia severa ocurrida del 30 de mayo al 5 de junio de 2020 | [E 2020] Campeche: Lluvia severa del 30 de mayo al 5 de junio de 2020 (T.T. Cristóbal) (pob:28,484 $27,861,401)"
los_tuxtlas,Angel R. Cabada; Catemaco; Hueyapan de Ocampo; Mecayapan; Pajapan; San Andrés Tuxtla; Santiago Tuxtla; Soteapan; Tatahuicapan de Juárez,4,4,35551,35551,21862171.93,Carretero; Educativo; Forestal y Viveros; Hidráulico; Vial Urbano y Vivienda,Hidrometeorológico: 4D/4E,"2018: 0D/1E pob:13,732 $12.3M; 2019: 2D/2E pob:4,250 $5.0M; 2020: 1D/1E pob:17,569 $4.6M; 2024: 1D/0E pob:0 $0.0M","[D 2019] Veracruz: Inundación pluvial y fluvial el 13 de octubre de 2019 | [D 2019] Veracruz: Sequía severa del 1 de mayo de 2019 al 30 de noviembre de 2019 | [D 2020] Veracruz: Inundación pluvial el 21 y 22 de noviembre de 2020 | [D 2024] Veracruz: Lluvia severa, inundación pluvial e inundación fluvial del 19 al 21 de octubre d | [E 2018] Veracruz: Lluvia severa e inundación pluvial del 04 al 06 de diciembre de 2018 (pob:13,732 $12,274,813) | [E 2019] Veracruz: Lluvia severa e inundación pluvial del 23 al 26 de octubre de 2019 (pob:950 $1,850,072) | [E 2019] Veracruz: Lluvia severa e inundación pluvial los días 31 de octubre, 2 y 3 de noviembre de (pob:3,300 $3,113,738) | [E 2020] Veracruz: Lluvia severa e inundación fluvial y pluvial del 19 al 23 de noviembre de 2020 (pob:17,569 $4,623,548)"
manglares_de_nichupte,Benito Juárez,2,1,20308,20308,29241840.28,Deportivo; Educativo; Hidráulico; Naval; Salud; Turístico; Vial Urbano y Vivienda,Hidrometeorológico: 2D/1E,"2019: 1D/0E pob:0 $0.0M; 2020: 1D/1E pob:20,308 $29.2M","[D 2019] Quintana Roo: Sequía severa ocurrida del 1 de mayo al 30 de noviembre del 2019 en 9 municipios | [D 2020] Quintana Roo: Huracán Delta (lluvia severa y vientos fuertes) los días 5 y 6 de octubre de 202 | [E 2020] Quintana Roo: Vientos fuertes y lluvia severa los días 5 y 6 de octubre de 2020 (pob:20,308 $29,241,840)"
manglares_de_puerto_morelos,Puerto Morelos,3,2,26715,26715,39995524.52,Deportivo; Educativo; Hidráulico; Naval; Salud; Turístico; Vial Urbano y Vivienda,Hidrometeorológico: 3D/2E,"2019: 1D/0E pob:0 $0.0M; 2020: 2D/2E pob:26,715 $40.0M","[D 2019] Quintana Roo: Sequía severa ocurrida del 1 de mayo al 30 de noviembre del 2019 en 9 municipios | [D 2020] Quintana Roo: Huracán Delta (lluvia severa y vientos fuertes) los días 5 y 6 de octubre de 202 | [D 2020] Quintana Roo: Lluvia severa el 26 de octubre de 2020 | [E 2020] Quintana Roo: Vientos fuertes y lluvia severa los días 5 y 6 de octubre de 2020 (pob:20,308 $29,241,840) | [E 2020] Quintana Roo: Lluvia severa el 26 de octubre de 2020 (pob:6,407 $10,753,684)"
mapimi,Jiménez; Mapimí,2,2,2882,2882,17218034.27,Carretero; Hidráulico; Vial Urbano y Vivienda,Hidrometeorológico: 2D/2E,"2019: 0D/1E pob:1,124 $1.2M; 2020: 2D/1E pob:1,758 $16.0M","[D 2020] Durango: Inundación fluvial del 11 al 15 de septiembre de 2020 | [D 2020] Durango: Sequía severa del 1 de mayo al 30 de noviembre de 2020 | [E 2019] Coahuila: Granizada severa el 17 de abril de 2019 (pob:1,124 $1,173,045) | [E 2020] Durango: Inundación fluvial del 12 al 15 de septiembre de 2020 (pob:1,758 $16,044,989)"
mariposa_monarca,Aporo; Donato Guerra; El Oro; Ixtapan del Oro; Ocampo; San José del Rincón; Tlalpujahua; Villa Victoria; Villa de Allende,0,2,52144,52144,29589984.96,,Hidrometeorológico: 0D/2E,"2018: 0D/2E pob:52,144 $29.6M","[E 2018] Estado de México: Helada severa a partir del día 21 de diciembre de 2018 (pob:42,777 $24,287,748) | [E 2018] Michoacán: Helada severa a partir del día 21 de diciembre de 2018 (pob:9,367 $5,302,237)"
marismas_nacionales_nayarit,Acaponeta; Escuinapa; Huajicori; Rosamorada; Santiago Ixcuintla; Tecuala; Tuxpan,5,4,69421,69421,73873722.33,Carretero; Cultura; Deportivo; Educativo; Hidráulico; Naval; Naval y Pesquero y Acuícola; Pesquero y Acuícola; Pesquero y Acuícola y Salud; Vial Urbano y Vivienda; y Pesquero y Acuícola,Hidrometeorológico: 5D/4E,"2020: 1D/0E pob:0 $0.0M; 2021: 3D/3E pob:41,921 $58.1M; 2022: 1D/1E pob:27,500 $15.8M","[D 2020] Sinaloa: Sequía severa del 1 de mayo al 30 de noviembre de 2020 | [D 2021] Sinaloa: Huracán “Nora” Categoría 1(Lluvia severa y vientos fuertes) del 28 y al 30 de ag | [D 2021] Nayarit: Huracán ""Nora"" Categoría 1 (lluvia severa) e inundación fluvial del 28 al 30 de  | [D 2021] Nayarit: Lluvia severa e inundación fluvial del 13 al 15 de octubre de 2021 | [D 2022] Nayarit: Vientos fuertes, lluvia severa e inundación fluvial, el 23 y 24 de octubre de 20 | [E 2021] Sinaloa: Lluvia severa y vientos fuertes los días 28, 29 y 30 de agosto de 2021 (Huracán  (pob:7,969 $13,590,810) | [E 2021] Sinaloa: Presencia del huracán Pamela (lluvia severa y vientos fuertes) los días 12 y 13  (pob:12,952 $5,502,657) | [E 2021] Nayarit: Lluvia severa e inundación fluvial y pluvial del 13 al 15 de octubre de 2021 (pob:21,000 $39,009,693) | [E 2022] Nayarit: Lluvia severa, vientos fuertes, e inundación Fluvial ocurridos en el periodo del (pob:27,500 $15,770,562)"
medanos_de_samalayuca,Juárez,1,1,64751,64751,72187821.33,Hidráulico,Hidrometeorológico: 1D/1E,"2019: 0D/1E pob:64,751 $72.2M; 2020: 1D/0E pob:0 $0.0M","[D 2020] Chihuahua: Sequía severa del 1 de mayo al 30 de noviembre de 2020 | [E 2019] Chihuahua: Nevada severa del 29 al 30 de diciembre de 2018 (pob:64,751 $72,187,821)"
meseta_de_cacaxtla,Mazatlán; San Ignacio,2,5,79462,79462,50622327.62,Carretero; Cultura; Educativo; Hidráulico; Naval y Pesquero y Acuícola,Hidrometeorológico: 2D/5E,"2019: 0D/2E pob:21,570 $24.8M; 2020: 1D/0E pob:0 $0.0M; 2021: 1D/2E pob:20,921 $19.1M; 2022: 0D/1E pob:36,971 $6.7M","[D 2020] Sinaloa: Sequía severa del 1 de mayo al 30 de noviembre de 2020 | [D 2021] Sinaloa: Huracán “Nora” Categoría 1(Lluvia severa y vientos fuertes) del 28 y al 30 de ag | [E 2019] Sinaloa: Lluvia severa e inundación pluvial los días 21 y 22 de agosto de 2019 (pob:16,839 $23,188,625) | [E 2019] Sinaloa: Lluvia severa e inundación pluvial el 28 de noviembre de 2019 (pob:4,731 $1,624,958) | [E 2021] Sinaloa: Lluvia severa y vientos fuertes los días 28, 29 y 30 de agosto de 2021 (Huracán  (pob:7,969 $13,590,810) | [E 2021] Sinaloa: Presencia del huracán Pamela (lluvia severa y vientos fuertes) los días 12 y 13  (pob:12,952 $5,502,657) | [E 2022] Sinaloa: Onda de calor ocurrida el 05 de mayo de 2022 (pob:36,971 $6,715,277)"
metzabok,Ocosingo,3,3,245267,245267,171648182.36,Carretero; Carretero Rural; Educativo; Hidráulico; Vial Urbano y Vivienda,Hidrometeorológico: 3D/2E; Incendio Forestal: 0D/1E,"2019: 1D/1E pob:181,437 $20.3M; 2020: 2D/2E pob:63,830 $151.3M","[D 2019] Chiapas: Sequía severa ocurrida del 1 de diciembre del 2018 al 30 de noviembre del 2019 e | [D 2020] Chiapas: Lluvia severa, inundación pluvial e inundación fluvial del 1 al 3 de octubre de  | [D 2020] Chiapas: Lluvia severa el 5 y 6 de noviembre de 2020 | [E 2019] Chiapas: Incendios forestales del 15 al 26 de abril de 2020 (pob:181,437 $20,298,688) | [E 2020] Chiapas: Lluvia severa e inundación pluvial y fluvial del 1 al 3 de octubre de 2020 (pob:39,223 $63,167,895) | [E 2020] Chiapas: Lluvia severa el 5 y 6 de noviembre de 2020 (pob:24,607 $88,181,600)"
montes_azules,Benemérito de las Américas; La Trinitaria; Maravilla Tenejapa; Marqués de Comillas; Ocosingo,5,6,286428,286428,342123895.07,Carretero; Carretero Rural; Educativo; Hidráulico; Naval; Vial Urbano y Vivienda,Hidrometeorológico: 4D/5E; Geológico: 1D/0E; Incendio Forestal: 0D/1E,"2019: 1D/1E pob:181,437 $20.3M; 2020: 4D/5E pob:104,991 $321.8M","[D 2019] Chiapas: Sequía severa ocurrida del 1 de diciembre del 2018 al 30 de noviembre del 2019 e | [D 2020] Chiapas: Lluvia severa el 3 de junio de 2020 en 7 municipios; lluvia severa el 3 de junio | [D 2020] Chiapas: Lluvia severa, inundación pluvial e inundación fluvial del 1 al 3 de octubre de  | [D 2020] Chiapas: Lluvia severa el 5 y 6 de noviembre de 2020 | [D 2020] Chiapas: Movimiento de ladera del 5 al 6 de noviembre de 2020 | [E 2019] Chiapas: Incendios forestales del 15 al 26 de abril de 2020 (pob:181,437 $20,298,688) | [E 2020] Chiapas: Lluvia severa e inundación fluvial y pluvial del 3 al 5 de junio de 2020 (T.T. C (pob:27,718 $150,598,707) | [E 2020] Chiapas: Lluvia severa los días 24 y 25 de junio de 2020 (pob:822 $529,766) | [E 2020] Chiapas: Lluvia severa e inundación pluvial y fluvial del 1 al 3 de octubre de 2020 (pob:39,223 $63,167,895) | [E 2020] Chiapas: Lluvia severa el 5 y 6 de noviembre de 2020 (pob:24,607 $88,181,600) | [E 2020] Chiapas: Inundación fluvial el 19 de noviembre de 2020 (pob:12,621 $19,347,239)"
naha,Ocosingo,3,3,245267,245267,171648182.36,Carretero; Carretero Rural; Educativo; Hidráulico; Vial Urbano y Vivienda,Hidrometeorológico: 3D/2E; Incendio Forestal: 0D/1E,"2019: 1D/1E pob:181,437 $20.3M; 2020: 2D/2E pob:63,830 $151.3M","[D 2019] Chiapas: Sequía severa ocurrida del 1 de diciembre del 2018 al 30 de noviembre del 2019 e | [D 2020] Chiapas: Lluvia severa, inundación pluvial e inundación fluvial del 1 al 3 de octubre de  | [D 2020] Chiapas: Lluvia severa el 5 y 6 de noviembre de 2020 | [E 2019] Chiapas: Incendios forestales del 15 al 26 de abril de 2020 (pob:181,437 $20,298,688) | [E 2020] Chiapas: Lluvia severa e inundación pluvial y fluvial del 1 al 3 de octubre de 2020 (pob:39,223 $63,167,895) | [E 2020] Chiapas: Lluvia severa el 5 y 6 de noviembre de 2020 (pob:24,607 $88,181,600)"
nevado_de_toluca,Temascaltepec; Villa Victoria,0,1,42777,42777,24287748.39,,Hidrometeorológico: 0D/1E,"2018: 0D/1E pob:42,777 $24.3M","[E 2018] Estado de México: Helada severa a partir del día 21 de diciembre de 2018 (pob:42,777 $24,287,748)"
nopolo,Loreto,2,0,0,0,0,Carretero; Deportivo; Educativo; Hidráulico; Naval,Hidrometeorológico: 2D/0E,2020: 1D/0E pob:0 $0.0M; 2023: 1D/0E pob:0 $0.0M,[D 2020] Baja California Sur: Sequía severa del 1 de mayo al 30 de noviembre de 2020 | [D 2023] Baja California Sur: Lluvia severa e inundación pluvial el 19 de agosto de 2023
otoch_maax_yetel_kooh,Solidaridad,3,2,26715,26715,39995524.52,Deportivo; Educativo; Hidráulico; Naval; Salud; Turístico; Vial Urbano y Vivienda,Hidrometeorológico: 3D/2E,"2019: 1D/0E pob:0 $0.0M; 2020: 2D/2E pob:26,715 $40.0M","[D 2019] Quintana Roo: Sequía severa ocurrida del 1 de mayo al 30 de noviembre del 2019 en 9 municipios | [D 2020] Quintana Roo: Huracán Delta (lluvia severa y vientos fuertes) los días 5 y 6 de octubre de 202 | [D 2020] Quintana Roo: Lluvia severa el 26 de octubre de 2020 | [E 2020] Quintana Roo: Vientos fuertes y lluvia severa los días 5 y 6 de octubre de 2020 (pob:20,308 $29,241,840) | [E 2020] Quintana Roo: Lluvia severa el 26 de octubre de 2020 (pob:6,407 $10,753,684)"
pacifico_mexicano_profundo,Acapulco de Juárez; Centro; Guadalajara; León; San Pedro Tlaquepaque; Tlalnepantla de Baz,6,9,1205367,793367,659712310.42,Carretero; Cultura; Educativo; Hidráulico; Hidráulico y Naval; Monumentos Arqueológicos y Naval; Naval; Pesquero y Acuícola; Salud; Vial Urbano y Vivienda,Hidrometeorológico: 5D/6E; Geológico: 1D/2E; Incendio Forestal: 0D/1E,"2019: 1D/4E pob:268,738 $113.2M; 2020: 2D/2E pob:123,065 $188.8M; 2021: 1D/2E pob:1,564 $6.6M; 2023: 2D/1E pob:812,000 $351.1M","[D 2019] Guerrero: Lluvia severa e inundación fluvial y pluvial del 28 al 29 de septiembre de 2019 | [D 2020] Guerrero: Lluvia severa, inundación pluvial e inundación fluvial ocurridas del 24 al 27 de | [D 2020] Tabasco: Inundación fluvial e inundación pluvial el 29 de octubre de 2020 | [D 2021] Guerrero: Sismo con magnitud 7.1 el 7 de septiembre de 2021 | [D 2023] Guerrero: Lluvia severa, inundación fluvial y pluvial del 9 al 11 de octubre de 2023 | [D 2023] Guerrero: Lluvia severa, vientos fuertes, e Inundación y pluvial el 24 y 25 de octubre de  | [E 2019] Guerrero: Incendios forestales del 25 de abril al 13 de mayo de 2019 (pob:241,710 $29,608,218) | [E 2019] Jalisco: Granizada severa al 30 de junio de 2019 (pob:1,564 $369,026) | [E 2019] Guerrero: Lluvia severa e inundación fluvial y pluvial el 28 y 29 de septiembre de 2019 po (pob:17,351 $51,463,968) | [E 2019] Tabasco: Vientos fuertes e inundación fluvial y pluvial del 12 al 14 de noviembre de 2019 (pob:8,113 $31,727,431) | [E 2020] Tabasco: Lluvia severa e inundación pluvial y fluvial del 28 de septiembre al 4 de octubr (pob:60,740 $41,873,890) | [E 2020] Tabasco: Inundación fluvial y pluvial el 29 de octubre de 2020 (pob:62,325 $146,957,802) | [E 2021] Estado de México: Presencia de movimiento de ladera (Extraordinaria) (pob:564 $221,419) | [E 2021] Guerrero: Sismo ocurrido 7 de septiembre de 2021 (pob:1,000 $6,389,557) | [E 2023] Guerrero: Lluvia severa y vientos fuertes el día 24 de octubre de 2023 (pob:812,000 $351,101,000)"
palenque,Palenque,2,1,49106,49106,140234700.34,Carretero; Carretero Rural; Educativo; Hidráulico; Salud; Vial Urbano y Vivienda,Hidrometeorológico: 2D/1E,"2019: 1D/0E pob:0 $0.0M; 2020: 1D/1E pob:49,106 $140.2M","[D 2019] Chiapas: Sequía severa ocurrida del 1 de diciembre del 2018 al 30 de noviembre del 2019 e | [D 2020] Chiapas: Inundación fluvial y pluvial el 5 y 6 de noviembre de 2020 | [E 2020] Chiapas: Inundación fluvial y pluvial los días 5 y 6 de noviembre de 2020 (pob:49,106 $140,234,700)"
pantanos_de_centla,Carmen; Centla; Centro; Jonuta; Macuspana; Palizada,3,6,184535,184535,294863000.05,Carretero; Deportivo; Educativo; Hidráulico; Naval; Vial Urbano y Vivienda,Hidrometeorológico: 3D/6E,"2019: 0D/1E pob:8,113 $31.7M; 2020: 3D/5E pob:176,422 $263.1M","[D 2020] Campeche: Lluvia severa ocurrida del 30 de mayo al 5 de junio de 2020 | [D 2020] Tabasco: Inundación fluvial e inundación pluvial el 29 de octubre de 2020 | [D 2020] Tabasco: Inundación fluvial el 10 de noviembre de 2020 | [E 2019] Tabasco: Vientos fuertes e inundación fluvial y pluvial del 12 al 14 de noviembre de 2019 (pob:8,113 $31,727,431) | [E 2020] Campeche: Lluvia severa del 30 de mayo al 5 de junio de 2020 (T.T. Cristóbal) (pob:28,484 $27,861,401) | [E 2020] Tabasco: Lluvia severa e inundación pluvial y fluvial del 28 de septiembre al 4 de octubr (pob:60,740 $41,873,890) | [E 2020] Tabasco: Inundación fluvial el 5 de octubre de 2020 (pob:4,000 $6,268,860) | [E 2020] Tabasco: Inundación fluvial y pluvial el 29 de octubre de 2020 (pob:62,325 $146,957,802) | [E 2020] Tabasco: Inundación fluvial del 7 al 11 de noviembre de 2020 (pob:20,873 $40,173,616)"
papigochic,Bocoyna; Guerrero; Maguarichi; Ocampo; Temósachic,2,5,150486,150486,139908330.0,Carretero; Hidráulico; Vial Urbano y Vivienda,Hidrometeorológico: 2D/5E,"2018: 0D/1E pob:24,344 $16.2M; 2019: 1D/2E pob:71,713 $84.2M; 2020: 1D/0E pob:0 $0.0M; 2021: 0D/2E pob:54,429 $39.5M","[D 2019] Chihuahua: Lluvia severa el 27 y 28 de noviembre e inundación fluvial el 28 de noviembre de | [D 2020] Chihuahua: Sequía severa del 1 de mayo al 30 de noviembre de 2020 | [E 2018] Chihuahua: Helada severa a partir del día 21 de diciembre de 2018 (pob:24,344 $16,181,233) | [E 2019] Chihuahua: Nevada severa del 29 al 30 de diciembre de 2018 (pob:64,751 $72,187,821) | [E 2019] Chihuahua: Lluvia severa e inundación fluvial y pluvial los días 27, 28 y 29 de noviembre d (pob:6,962 $12,042,456) | [E 2021] Chihuahua: Nevada y helada severas el 30 y 31 de diciembre de 2020 (pob:39,932 $30,948,422) | [E 2021] Chihuahua: Nevada severa el 30 y 31 de diciembre de 2020 (pob:14,497 $8,548,397)"
pico_de_orizaba,Tlachichuca,0,1,9206,9206,5211191.94,,Hidrometeorológico: 0D/1E,"2018: 0D/1E pob:9,206 $5.2M","[E 2018] Puebla: Helada severa a partir del día 21 de diciembre de 2018 (pob:9,206 $5,211,192)"
playa_chenkan,Champotón,1,1,28484,28484,27861400.86,Carretero; Deportivo; Educativo; Hidráulico; Naval; Vial Urbano y Vivienda,Hidrometeorológico: 1D/1E,"2020: 1D/1E pob:28,484 $27.9M","[D 2020] Campeche: Lluvia severa ocurrida del 30 de mayo al 5 de junio de 2020 | [E 2020] Campeche: Lluvia severa del 30 de mayo al 5 de junio de 2020 (T.T. Cristóbal) (pob:28,484 $27,861,401)"
playa_colola,Aquila,1,1,1133,1133,622142.64,Artísticos e Históricos; Carretero; Educativo; Hidráulico; Monumentos Arqueológicos; Naval y Salud,Geológico: 1D/0E; Hidrometeorológico: 0D/1E,"2019: 0D/1E pob:1,133 $0.6M; 2022: 1D/0E pob:0 $0.0M","[D 2022] Michoacán: Sismo magnitud 7.7 el 19 de septiembre de 2022 | [E 2019] Michoacán: Inundación fluvial el 29 y 30 de septiembre de 2019 por el huracán ""Narda"" (pob:1,133 $622,143)"
playa_el_tecuan,La Huerta,4,4,35000,35000,19237784.39,Carretero; Deportivo; Educativo; Hidráulico; Naval; Naval y Pesquero y Acuícola; Pesquero y Acuícola; Vial Urbano y Vivienda,Hidrometeorológico: 4D/4E,"2019: 2D/2E pob:8,591 $7.4M; 2020: 1D/1E pob:19,958 $7.4M; 2021: 1D/1E pob:6,451 $4.4M","[D 2019] Jalisco: Huracán Lorena (lluvia severa) el 18 de septiembre de 2019 | [D 2019] Jalisco: Tormenta Tropical Narda (Lluvia severa) ocurrida el día 29 de septiembre de 2019 | [D 2020] Jalisco: Lluvia severa del 27 al 28 de agosto de 2020 en 5 municipios y vientos fuertes e | [D 2021] Jalisco: Huracán (Lluvia severa), inundación fluvial y vientos fuertes el 28 y 29 de agos | [E 2019] Jalisco: Presencia huracán ""Lorena"" (Lluvia Severa) el 18 de septiembre de 2019 (pob:3,375 $4,566,250) | [E 2019] Jalisco: Inundación fluvial y pluvial el 29 de septiembre de 2019 por huracán ""Narda"" (pob:5,216 $2,856,960) | [E 2020] Jalisco: Lluvia severa y vientos fuertes los días 27 y 28 de agosto de 2020 (pob:19,958 $7,421,919) | [E 2021] Jalisco: Huracán categoría 1 ""Nora"" (lluvia severa y vientos fuerte) e inundación fluvial (pob:6,451 $4,392,655)"
playa_el_verde_camacho,Mazatlán,2,4,42491,42491,43907050.27,Carretero; Cultura; Educativo; Hidráulico; Naval y Pesquero y Acuícola,Hidrometeorológico: 2D/4E,"2019: 0D/2E pob:21,570 $24.8M; 2020: 1D/0E pob:0 $0.0M; 2021: 1D/2E pob:20,921 $19.1M","[D 2020] Sinaloa: Sequía severa del 1 de mayo al 30 de noviembre de 2020 | [D 2021] Sinaloa: Huracán “Nora” Categoría 1(Lluvia severa y vientos fuertes) del 28 y al 30 de ag | [E 2019] Sinaloa: Lluvia severa e inundación pluvial los días 21 y 22 de agosto de 2019 (pob:16,839 $23,188,625) | [E 2019] Sinaloa: Lluvia severa e inundación pluvial el 28 de noviembre de 2019 (pob:4,731 $1,624,958) | [E 2021] Sinaloa: Lluvia severa y vientos fuertes los días 28, 29 y 30 de agosto de 2021 (Huracán  (pob:7,969 $13,590,810) | [E 2021] Sinaloa: Presencia del huracán Pamela (lluvia severa y vientos fuertes) los días 12 y 13  (pob:12,952 $5,502,657)"
playa_escobilla,Santa María Tonameca,4,3,31632,31632,167159166.24,Carretero; Educativo; Hidráulico; Militar; Monumentos Arqueológicos; Naval; Naval y Turístico; Pesquero y Acuíola; Salud; Turístico; Vial Urbano y Vivienda; sin dato,Hidrometeorológico: 2D/1E; Geológico: 2D/1E; Incendio Forestal: 0D/1E,"2019: 1D/1E pob:5,507 $31.2M; 2020: 1D/1E pob:26,125 $136.0M; 2021: 0D/1E pob:0 $0.0M; 2022: 2D/0E pob:0 $0.0M","[D 2019] Oaxaca: Lluvia severa, inundación fluvial y pluvial ocurridas los días 28, 29 y 30 de se | [D 2020] Oaxaca: Sismo magnitud 7.4 el día 23 de junio de 2020 | [D 2022] Oaxaca: Lluvia severa, vientos fuertes, inundación pluvial e inundación fluvial del 29 a | [D 2022] Oaxaca: Movimiento de Ladera del 29 al 31 de mayo de 2022 | [E 2019] Oaxaca: Lluvia severa e inundación fluvial y pluvial el 28 y 29 de septiembre por el hur (pob:5,507 $31,196,865) | [E 2020] Oaxaca: Sismo de magnitud 7.4 (pob:26,125 $135,962,301) | [E 2021] Oaxaca: Incendios forestales del 23 de febrero al 5 de abril de 2021 (pob:0 $0)"
playa_maruata,Aquila,1,1,1133,1133,622142.64,Artísticos e Históricos; Carretero; Educativo; Hidráulico; Monumentos Arqueológicos; Naval y Salud,Geológico: 1D/0E; Hidrometeorológico: 0D/1E,"2019: 0D/1E pob:1,133 $0.6M; 2022: 1D/0E pob:0 $0.0M","[D 2022] Michoacán: Sismo magnitud 7.7 el 19 de septiembre de 2022 | [E 2019] Michoacán: Inundación fluvial el 29 y 30 de septiembre de 2019 por el huracán ""Narda"" (pob:1,133 $622,143)"
playa_mexiquillo,Aquila,1,1,1133,1133,622142.64,Artísticos e Históricos; Carretero; Educativo; Hidráulico; Monumentos Arqueológicos; Naval y Salud,Geológico: 1D/0E; Hidrometeorológico: 0D/1E,"2019: 0D/1E pob:1,133 $0.6M; 2022: 1D/0E pob:0 $0.0M","[D 2022] Michoacán: Sismo magnitud 7.7 el 19 de septiembre de 2022 | [E 2019] Michoacán: Inundación fluvial el 29 y 30 de septiembre de 2019 por el huracán ""Narda"" (pob:1,133 $622,143)"
playa_mismaloya,Cabo Corrientes; Tomatlán,4,4,35000,35000,19237784.39,Carretero; Deportivo; Educativo; Hidráulico; Naval; Naval y Pesquero y Acuícola; Pesquero y Acuícola; Vial Urbano y Vivienda,Hidrometeorológico: 4D/4E,"2019: 2D/2E pob:8,591 $7.4M; 2020: 1D/1E pob:19,958 $7.4M; 2021: 1D/1E pob:6,451 $4.4M","[D 2019] Jalisco: Huracán Lorena (lluvia severa) el 18 de septiembre de 2019 | [D 2019] Jalisco: Tormenta Tropical Narda (Lluvia severa) ocurrida el día 29 de septiembre de 2019 | [D 2020] Jalisco: Lluvia severa del 27 al 28 de agosto de 2020 en 5 municipios y vientos fuertes e | [D 2021] Jalisco: Huracán (Lluvia severa), inundación fluvial y vientos fuertes el 28 y 29 de agos | [E 2019] Jalisco: Presencia huracán ""Lorena"" (Lluvia Severa) el 18 de septiembre de 2019 (pob:3,375 $4,566,250) | [E 2019] Jalisco: Inundación fluvial y pluvial el 29 de septiembre de 2019 por huracán ""Narda"" (pob:5,216 $2,856,960) | [E 2020] Jalisco: Lluvia severa y vientos fuertes los días 27 y 28 de agosto de 2020 (pob:19,958 $7,421,919) | [E 2021] Jalisco: Huracán categoría 1 ""Nora"" (lluvia severa y vientos fuerte) e inundación fluvial (pob:6,451 $4,392,655)"
playa_piedra_de_tlacoyunque,Técpan de Galeana,3,4,46272,46272,96444556.73,Carretero; Educativo; Hidráulico; Hidráulico y Naval; Naval; Naval y Turístico; Pesquero y Acuícola; Salud; Vial Urbano y Vivienda,Hidrometeorológico: 3D/4E,"2019: 1D/1E pob:17,351 $51.5M; 2020: 0D/1E pob:9,901 $20.1M; 2021: 1D/1E pob:7,020 $14.1M; 2023: 1D/1E pob:12,000 $10.8M","[D 2019] Guerrero: Lluvia severa e inundación fluvial y pluvial del 28 al 29 de septiembre de 2019 | [D 2021] Guerrero: Lluvia severa, vientos fuertes, inundación fluvial e inundación pluvial del24 al | [D 2023] Guerrero: Lluvia severa, inundación fluvial y pluvial del 9 al 11 de octubre de 2023 | [E 2019] Guerrero: Lluvia severa e inundación fluvial y pluvial el 28 y 29 de septiembre de 2019 po (pob:17,351 $51,463,968) | [E 2020] Guerrero: Lluvia severa e inundación pluvial y fluvial del 24 al 27 de agosto de 2020 (TT  (pob:9,901 $20,119,664) | [E 2021] Guerrero: Lluvia severa, vientos fuertes e inundación fluvial y pluvial los días 24 y 25 d (pob:7,020 $14,104,004) | [E 2023] Guerrero: Lluvia severa ocurrida el 09 de octubre de 2023 (pob:12,000 $10,756,920)"
playa_puerto_arista,Tonalá,0,1,181437,181437,20298687.62,,Incendio Forestal: 0D/1E,"2019: 0D/1E pob:181,437 $20.3M","[E 2019] Chiapas: Incendios forestales del 15 al 26 de abril de 2020 (pob:181,437 $20,298,688)"
playa_rancho_nuevo,Aldama,0,1,600,600,11706338.97,,Hidrometeorológico: 0D/1E,2019: 0D/1E pob:600 $11.7M,"[E 2019] Tamaulipas: Lluvia severa e inundación fluvial el 23 de octubre de 2019 (pob:600 $11,706,339)"
playa_ria_lagartos,Río Lagartos; San Felipe; Tizimín,2,2,88282,88282,136308859.37,Carretero; Deportivo; Educativo; Hidráulico; Monumentos Arqueológicos; Naval; Pesquero y Acuícola; Residuos Sólidos; Salud; Vial Urbano; Vial Urbano y Vivienda; Vivienda y Zonas Costeras,Hidrometeorológico: 2D/2E,"2020: 2D/2E pob:88,282 $136.3M","[D 2020] Yucatán: Lluvia severa del 31 de mayo al 5 de junio de 2020 e inundación pluvial del 31 d | [D 2020] Yucatán: Lluvia severa, Huracán ""Delta"" Categoría 2 e inundación pluvial del 1 al 8 de oc | [E 2020] Yucatán: Lluvia severa e inundación pluvial del 1 al 7 de junio de 2020 (T.T. Cristóbal) (pob:56,000 $96,266,968) | [E 2020] Yucatán: Inminente impacto del huracán Delta el 6 de octubre de 2020 (pob:32,282 $40,041,892)"
playa_tierra_colorada,Cuajinicuilapa,2,2,27252,27252,71583632.51,Carretero; Educativo; Hidráulico; Naval; Pesquero y Acuícola; Salud; Vial Urbano y Vivienda,Hidrometeorológico: 2D/2E,"2019: 1D/1E pob:17,351 $51.5M; 2020: 1D/1E pob:9,901 $20.1M","[D 2019] Guerrero: Lluvia severa e inundación fluvial y pluvial del 28 al 29 de septiembre de 2019 | [D 2020] Guerrero: Lluvia severa, inundación pluvial e inundación fluvial ocurridas del 24 al 27 de | [E 2019] Guerrero: Lluvia severa e inundación fluvial y pluvial el 28 y 29 de septiembre de 2019 po (pob:17,351 $51,463,968) | [E 2020] Guerrero: Lluvia severa e inundación pluvial y fluvial del 24 al 27 de agosto de 2020 (TT  (pob:9,901 $20,119,664)"
playas_del_totonacapan,Cazones de Herrera; Gutiérrez Zamora; Papantla; Tecolutla,2,1,54928,54928,76614982.08,Carretero; Educativo; Forestal y de Viveros; Hidráulico; Naval; Vial Urbano y Vivienda,Hidrometeorológico: 2D/1E,"2019: 1D/0E pob:0 $0.0M; 2021: 1D/1E pob:54,928 $76.6M","[D 2019] Veracruz: Sequía severa del 1 de mayo de 2019 al 30 de noviembre de 2019 | [D 2021] Veracruz: Huracán ""Grace"" (lluvia severa), inundación pluvial y fluvial del 20 al 24 deago | [E 2021] Veracruz: Inminente impacto del huracán ""Grace"" y Vientos fuertes entre el 20 y 21 de agos (pob:54,928 $76,614,982)"
region_de_calakmul,Bacalar; Calakmul; Campeche; Candelaria; Champotón; Escárcega; Hopelchén; José María Morelos; Othón P. Blanco; Tekax,5,5,178501,178501,350787906.92,Carretero; Deportivo; Educativo; Hidráulico; Monumentos Arqueológicos; Naval; Pesquero y Acuícola; Residuos Sólidos; Salud; Vial Urbano; Vial Urbano y Vivienda; Vivienda y Zonas Costeras,Hidrometeorológico: 5D/5E,"2019: 1D/0E pob:0 $0.0M; 2020: 4D/5E pob:178,501 $350.8M","[D 2019] Quintana Roo: Sequía severa ocurrida del 1 de mayo al 30 de noviembre del 2019 en 9 municipios | [D 2020] Quintana Roo: Inundación pluvial ocurrida del 3 al 5 de junio de 2020 | [D 2020] Campeche: Lluvia severa ocurrida del 30 de mayo al 5 de junio de 2020 | [D 2020] Yucatán: Lluvia severa del 31 de mayo al 5 de junio de 2020 e inundación pluvial del 31 d | [D 2020] Yucatán: Lluvia severa, Huracán ""Delta"" Categoría 2 e inundación pluvial del 1 al 8 de oc | [E 2020] Quintana Roo: Lluvia severa e inundación pluvial del 3 al 5 de junio de 2020 (T.T. Cristóbal) (pob:6,045 $22,611,824) | [E 2020] Yucatán: Lluvia severa e inundación pluvial del 31 de mayo al 4 de junio de 2020 (T.T. Cr (pob:48,060 $116,670,503) | [E 2020] Campeche: Lluvia severa del 30 de mayo al 5 de junio de 2020 (T.T. Cristóbal) (pob:28,484 $27,861,401) | [E 2020] Yucatán: Lluvia severa e inundación pluvial del 1 al 7 de junio de 2020 (T.T. Cristóbal) (pob:56,000 $96,266,968) | [E 2020] Yucatán: Lluvia severa e inundación pluvial del 1 al 8 de octubre de 2020 (pob:39,912 $87,377,212)"
ria_celestun,Calkiní; Celestún,3,3,116456,116456,231909115.52,Carretero; Deportivo; Educativo; Hidráulico; Monumentos Arqueológicos; Naval; Pesquero y Acuícola; Residuos Sólidos; Salud; Vial Urbano; Vial Urbano y Vivienda; Vivienda y Zonas Costeras,Hidrometeorológico: 3D/3E,"2020: 3D/3E pob:116,456 $231.9M","[D 2020] Campeche: Lluvia severa ocurrida del 30 de mayo al 5 de junio de 2020 | [D 2020] Yucatán: Lluvia severa del 31 de mayo al 5 de junio de 2020 e inundación pluvial del 31 d | [D 2020] Yucatán: Lluvia severa, Huracán ""Delta"" Categoría 2 e inundación pluvial del 1 al 8 de oc | [E 2020] Yucatán: Lluvia severa e inundación pluvial del 31 de mayo al 4 de junio de 2020 (T.T. Cr (pob:48,060 $116,670,503) | [E 2020] Campeche: Lluvia severa del 30 de mayo al 5 de junio de 2020 (T.T. Cristóbal) (pob:28,484 $27,861,401) | [E 2020] Yucatán: Lluvia severa e inundación pluvial del 1 al 8 de octubre de 2020 (pob:39,912 $87,377,212)"
ria_lagartos,Panabá; Río Lagartos; San Felipe; Tizimín,2,2,88282,88282,136308859.37,Carretero; Deportivo; Educativo; Hidráulico; Monumentos Arqueológicos; Naval; Pesquero y Acuícola; Residuos Sólidos; Salud; Vial Urbano; Vial Urbano y Vivienda; Vivienda y Zonas Costeras,Hidrometeorológico: 2D/2E,"2020: 2D/2E pob:88,282 $136.3M","[D 2020] Yucatán: Lluvia severa del 31 de mayo al 5 de junio de 2020 e inundación pluvial del 31 d | [D 2020] Yucatán: Lluvia severa, Huracán ""Delta"" Categoría 2 e inundación pluvial del 1 al 8 de oc | [E 2020] Yucatán: Lluvia severa e inundación pluvial del 1 al 7 de junio de 2020 (T.T. Cristóbal) (pob:56,000 $96,266,968) | [E 2020] Yucatán: Inminente impacto del huracán Delta el 6 de octubre de 2020 (pob:32,282 $40,041,892)"
ricardo_flores_magon,San Miguel del Puerto; Santa María Huatulco,3,5,56109,56109,270032123.03,Carretero; Educativo; Hidráulico; Militar; Monumentos Arqueológicos; Naval; Naval y Turístico; Pesquero y Acuíola; Salud; Turístico; Vial Urbano y Vivienda,Hidrometeorológico: 2D/2E; Geológico: 1D/2E; Incendio Forestal: 0D/1E,"2019: 1D/1E pob:5,507 $31.2M; 2020: 1D/2E pob:26,986 $162.4M; 2021: 0D/1E pob:0 $0.0M; 2022: 1D/1E pob:23,616 $76.5M","[D 2019] Oaxaca: Lluvia severa, inundación fluvial y pluvial ocurridas los días 28, 29 y 30 de se | [D 2020] Oaxaca: Sismo magnitud 7.4 el día 23 de junio de 2020 | [D 2022] Oaxaca: Lluvia severa, vientos fuertes, inundación pluvial e inundación fluvial del 29 a | [E 2019] Oaxaca: Lluvia severa e inundación fluvial y pluvial el 28 y 29 de septiembre por el hur (pob:5,507 $31,196,865) | [E 2020] Oaxaca: Sismo de magnitud 7.4 (pob:26,125 $135,962,301) | [E 2020] Oaxaca: Movimiento de ladera los días 27 y 28 de agosto de 2020 (pob:861 $26,416,308) | [E 2021] Oaxaca: Incendios forestales del 23 de febrero al 5 de abril de 2021 (pob:0 $0) | [E 2022] Oaxaca: Impacto inminente del huracán ""Agatha"" -extraordinario- el día 30 de mayo de 202 (pob:23,616 $76,456,649)"
rio_bravo_del_norte,Ocampo; Ojinaga; Zaragoza,1,4,112769,112769,116351745.0,Hidráulico,Hidrometeorológico: 1D/4E,"2019: 0D/3E pob:72,837 $85.4M; 2020: 1D/0E pob:0 $0.0M; 2021: 0D/1E pob:39,932 $30.9M","[D 2020] Chihuahua: Sequía severa del 1 de mayo al 30 de noviembre de 2020 | [E 2019] Chihuahua: Nevada severa del 29 al 30 de diciembre de 2018 (pob:64,751 $72,187,821) | [E 2019] Coahuila: Granizada severa el 17 de abril de 2019 (pob:1,124 $1,173,045) | [E 2019] Chihuahua: Lluvia severa e inundación fluvial y pluvial los días 27, 28 y 29 de noviembre d (pob:6,962 $12,042,456) | [E 2021] Chihuahua: Nevada y helada severas el 30 y 31 de diciembre de 2020 (pob:39,932 $30,948,422)"
selva_el_ocote,Berriozábal; Cintalapa; Copainalá; Jiquipilas; Mezcalapa; Ocozocoautla de Espinosa; Santa María Chimalapa; Tecpatán,10,10,428761,428761,748795936.94,Carretero; Carretero Rural; Carretero e Hidráulico; Educativo; Hidráulico; Naval; Salud; Vial Urbano y Vivienda,Hidrometeorológico: 8D/6E; Geológico: 2D/1E; Incendio Forestal: 0D/3E,"2019: 1D/2E pob:193,003 $37.7M; 2020: 6D/6E pob:234,246 $669.4M; 2021: 0D/2E pob:1,512 $41.7M; 2022: 2D/0E pob:0 $0.0M; 2023: 1D/0E pob:0 $0.0M","[D 2019] Chiapas: Sequía severa ocurrida del 1 de diciembre del 2018 al 30 de noviembre del 2019 e | [D 2020] Chiapas: Lluvia severa el 3 de junio de 2020 en 7 municipios; lluvia severa el 3 de junio | [D 2020] Chiapas: Lluvia severa, inundación pluvial e inundación fluvial del 1 al 3 de octubre de  | [D 2020] Chiapas: Movimiento de ladera del 1 al 4 de octubre de 2020 | [D 2020] Chiapas: Lluvia severa el 5 y 6 de noviembre de 2020 | [D 2020] Chiapas: Inundación fluvial y pluvial el 5 y 6 de noviembre de 2020 | [D 2020] Chiapas: Movimiento de ladera del 5 al 6 de noviembre de 2020 | [D 2022] Chiapas: Lluvia severa, inundación pluvial e inundación fluvial del 20 al 22 de septiembr | [D 2022] Chiapas: Lluvia severa, inundación fluvial e inundación pluvial el 22 de noviembre de 202 | [D 2023] Chiapas: Lluvia severa, inundación fluvial e inundación pluvial el 10 y 11 de febrero de  | [E 2019] Chiapas: Incendios forestales del 15 al 26 de abril de 2020 (pob:181,437 $20,298,688) | [E 2019] Oaxaca: Incendios forestales del 26 de febrero al 22 de marzo y del 10 de abril al 5 de  (pob:11,566 $17,387,505) | [E 2020] Chiapas: Lluvia severa el 3 de junio de 2020 (T.T. Cristóbal) (pob:5,071 $85,930,497) | [E 2020] Chiapas: Lluvia severa e inundación fluvial y pluvial del 3 al 5 de junio de 2020 (T.T. C (pob:27,718 $150,598,707) | [E 2020] Chiapas: Lluvia severa e inundación pluvial y fluvial del 1 al 3 de octubre de 2020 (pob:39,223 $63,167,895) | [E 2020] Chiapas: Lluvia severa el 5 y 6 de noviembre de 2020 (pob:24,607 $88,181,600) | [E 2020] Chiapas: Inundación fluvial y pluvial los días 5 y 6 de noviembre de 2020 (pob:49,106 $140,234,700) | [E 2020] Chiapas: Movimiento de ladera del 5 al 6 de noviembre de 2020 (pob:88,521 $141,317,604) | [E 2021] Oaxaca: Incendio forestal del 01 de enero al 22 de febrero de 2021 (pob:997 $41,372,373) | [E 2021] Chiapas: Lluvia severa el 18 de marzo de 2021 (pob:515 $306,368)"
semidesierto_zacatecano,El Salvador; Galeana; Mazapil; Melchor Ocampo; Saltillo; Vanegas,2,5,44802,44802,28204141.43,Carretero; Deportivo; Educativo; Hidráulico; Residuos Sólidos; Salud; Vial Urbano y Vivienda,Hidrometeorológico: 2D/4E; Incendio Forestal: 0D/1E,"2018: 0D/2E pob:5,477 $3.1M; 2019: 1D/0E pob:0 $0.0M; 2020: 1D/2E pob:37,912 $24.9M; 2021: 0D/1E pob:1,413 $0.2M","[D 2019] Nuevo León: Lluvia severa e inundación pluvial y fluvial el 4 de septiembre de 2019 | [D 2020] Nuevo León: Lluvia severa, inundación pluvial e inundación fluvial ocurridas los días 25, 26 | [E 2018] San Luis Potosí: Helada severa a partir del día 21 de diciembre de 2018 (pob:2,966 $1,678,819) | [E 2018] Zacatecas: Helada severa a partir del día 21 de diciembre de 2018 (pob:2,511 $1,421,155) | [E 2020] Coahuila: Lluvia severa el 26 de julio de 2020 (Huracán ""Hanna"") (pob:7,645 $21,651,050) | [E 2020] Nuevo León: Lluvia severa e inundación pluvial y fluvial del 24 al 27 de julio de 2020 (Hura (pob:30,267 $3,261,584) | [E 2021] Nuevo León: Incendio forestal del 13 de marzo al 2 de abril de 2021 (pob:1,413 $191,533)"
sian_kaan,Bacalar; Felipe Carrillo Puerto; Tulum,3,2,12452,12452,33365507.84,Carretero; Deportivo; Educativo; Hidráulico; Naval; Salud; Vial Urbano y Vivienda,Hidrometeorológico: 3D/2E,"2019: 1D/0E pob:0 $0.0M; 2020: 2D/2E pob:12,452 $33.4M","[D 2019] Quintana Roo: Sequía severa ocurrida del 1 de mayo al 30 de noviembre del 2019 en 9 municipios | [D 2020] Quintana Roo: Inundación pluvial ocurrida del 3 al 5 de junio de 2020 | [D 2020] Quintana Roo: Lluvia severa el 26 de octubre de 2020 | [E 2020] Quintana Roo: Lluvia severa e inundación pluvial del 3 al 5 de junio de 2020 (T.T. Cristóbal) (pob:6,045 $22,611,824) | [E 2020] Quintana Roo: Lluvia severa el 26 de octubre de 2020 (pob:6,407 $10,753,684)"
sierra_de_alamos_rio_cuchujaqui,Alamos; Chínipas,3,5,65827,65827,78763321.73,Carretero; Educativo; Hidráulico; Naval; Vial Urbano y Vivienda,Hidrometeorológico: 3D/5E,"2018: 0D/1E pob:24,344 $16.2M; 2019: 1D/4E pob:41,483 $62.6M; 2020: 2D/0E pob:0 $0.0M","[D 2019] Sonora: Lluvia severa e inundación fluvial y pluvial del 27 al 29 de noviembre de 2019 | [D 2020] Chihuahua: Sequía severa del 1 de mayo al 30 de noviembre de 2020 | [D 2020] Sonora: Sequía severa del 1 de mayo al 30 de noviembre de 2020 | [E 2018] Chihuahua: Helada severa a partir del día 21 de diciembre de 2018 (pob:24,344 $16,181,233) | [E 2019] Sonora: Helada y nevada severa del 30 de diciembre de 2018 al 02 de enero de 2019 (pob:18,506 $19,484,036) | [E 2019] Sonora: Helada y nevada severa del 20 al 24 de febrero de 2019 (pob:9,207 $8,876,335) | [E 2019] Sonora: Lluvia severa e inundación fluvial y pluvial los días 27, 28 y 29 de noviembre d (pob:6,808 $22,179,262) | [E 2019] Chihuahua: Lluvia severa e inundación fluvial y pluvial los días 27, 28 y 29 de noviembre d (pob:6,962 $12,042,456)"
sierra_de_huautla,Atenango del Río; Buenavista de Cuéllar; Huitzuco de los Figueroa,0,1,241710,241710,29608218.0,,Incendio Forestal: 0D/1E,"2019: 0D/1E pob:241,710 $29.6M","[E 2019] Guerrero: Incendios forestales del 25 de abril al 13 de mayo de 2019 (pob:241,710 $29,608,218)"
sierra_de_manantlan,Autlán de Navarro; Casimiro Castillo; Comala; Cuautitlán de García Barragán; El Grullo; Minatitlán; San Gabriel,9,5,35555,35555,26317821.81,Artísticos e Históricos; Carretero; Cultura; Deportivo; Educativo; Forestal y de Viveros; Hidráulico; Monumentos Arqueológicos; Naval; Naval y Pesquero y Acuícola; Naval y Salud; Naval y Zonas Costeras; Pesquero y Acuícola; Vial Urbano y Vivienda,Hidrometeorológico: 7D/5E; Geológico: 2D/0E,"2019: 4D/3E pob:9,146 $14.5M; 2020: 1D/1E pob:19,958 $7.4M; 2021: 2D/1E pob:6,451 $4.4M; 2022: 1D/0E pob:0 $0.0M; 2023: 1D/0E pob:0 $0.0M","[D 2019] Jalisco: Inundación fluvial el dos de junio de 2019 | [D 2019] Colima: Lluvia severa e inundación fluvial y pluvial del 18 al 19 de septiembre de 2019 | [D 2019] Jalisco: Huracán Lorena (lluvia severa) el 18 de septiembre de 2019 | [D 2019] Colima: Lluvia severa, inundación fluvial y pluvial el 29 y 30 de septiembre de 2019 | [D 2020] Jalisco: Lluvia severa del 27 al 28 de agosto de 2020 en 5 municipios y vientos fuertes e | [D 2021] Colima: Huracán (lluvia severa), inundación fluvial y pluvial el 28 y el 29 de agosto de | [D 2021] Jalisco: Huracán (Lluvia severa), inundación fluvial y vientos fuertes el 28 y 29 de agos | [D 2022] Colima: Sismo magnitud 7.7 el 19 de septiembre de 2022 | [D 2023] Jalisco: Movimiento de ladera el 25 de septiembre de 2023 | [E 2019] Jalisco: Inundación fluvial el 2 de junio de 2019 (pob:2,189 $1,227,054) | [E 2019] Colima: Lluvia severa e inundación fluvial y pluvial el 29 y 30 de septiembre de 2019 po (pob:1,741 $10,419,233) | [E 2019] Jalisco: Inundación fluvial y pluvial el 29 de septiembre de 2019 por huracán ""Narda"" (pob:5,216 $2,856,960) | [E 2020] Jalisco: Lluvia severa y vientos fuertes los días 27 y 28 de agosto de 2020 (pob:19,958 $7,421,919) | [E 2021] Jalisco: Huracán categoría 1 ""Nora"" (lluvia severa y vientos fuerte) e inundación fluvial (pob:6,451 $4,392,655)"
sierra_de_san_miguelito,Pinos,0,1,3266,3266,2168959.08,,Hidrometeorológico: 0D/1E,"2019: 0D/1E pob:3,266 $2.2M","[E 2019] Zacatecas: Lluvia severa e inundación pluvial los días 22, 23 y 24 de agosto de 2019 (pob:3,266 $2,168,959)"
sierra_de_tamaulipas,Aldama,0,1,600,600,11706338.97,,Hidrometeorológico: 0D/1E,2019: 0D/1E pob:600 $11.7M,"[E 2019] Tamaulipas: Lluvia severa e inundación fluvial el 23 de octubre de 2019 (pob:600 $11,706,339)"
sierra_gorda,La Misión; Pisaflores,1,0,0,0,0,Carretero; Educativo; Hidráulico y Salud,Hidrometeorológico: 1D/0E,2021: 1D/0E pob:0 $0.0M,"[D 2021] Hidalgo: Lluvia Severa, vientos fuertes e inundación pluvial y fluvial el 21 y 22 de agos"
sierra_la_laguna,La Paz; Los Cabos,6,6,24964,24964,85851878.61,Carretero; Deportivo; Educativo; Educativo y Naval; Forestal y de Viveros; Hidráulico; Hidráulico y Naval; Naval; Naval y Turístico; Vial Urbano y Vivienda; y Naval,Hidrometeorológico: 6D/6E,"2019: 2D/4E pob:13,203 $56.0M; 2020: 0D/1E pob:3,724 $23.8M; 2021: 1D/1E pob:8,037 $6.0M; 2022: 2D/0E pob:0 $0.0M; 2023: 1D/0E pob:0 $0.0M","[D 2019] Baja California Sur: Huracán Lorena (Lluvia severa y vientos fuertes) el 20 de septiembre de 2019 | [D 2019] Baja California Sur: Lluvia severa e inundación fluvial y pluvial el 13 de octubre de 2019 | [D 2021] Baja California Sur: Inundación pluvial, lluvia severa y vientos fuertes el 9 y 10 de septiembre de 2 | [D 2022] Baja California Sur: Lluvia severa e inundación fluvial los días 2 y 3 de septiembre 2022 | [D 2022] Baja California Sur: Lluvia severa, vientos fuertes e inundación fluvial del 7 al 9 de septiembre de  | [D 2023] Baja California Sur: Lluvia severa, inundación fluvial y pluvial y vientos fuertes del 20 al 22 de oc | [E 2019] Baja California Sur: Lluvia severa e inundación pluvial los días 22 y 23 de agosto de 2019 (pob:4,013 $10,960,255) | [E 2019] Baja California Sur: Lluvia severa y vientos fuertes el 20 de septiembre de 2019 por el huracán ""Lore (pob:2,849 $13,332,330) | [E 2019] Baja California Sur: Lluvia severa e inundación fluvial y pluvial el 13 de octubre de 2019 (pob:3,724 $18,603,215) | [E 2019] Baja California Sur: Lluvia severa e inundación pluvial el 27 y 28 de noviembre de 2019 (pob:2,617 $13,098,771) | [E 2020] Baja California Sur: Lluvia severa e inundación pluvial el 19 de agosto de 2020 (Huracán Genevieve) (pob:3,724 $23,831,993) | [E 2021] Baja California Sur: Ciclón tropical ""Olaf"" (lluvia severa y vientos fuertes) e inundación pluvial de (pob:8,037 $6,025,315)"
sierra_tecuani,Atoyac de Álvarez; Coyuca de Catalán; Petatlán; Técpan de Galeana,5,5,287982,287982,126052774.73,Carretero; Educativo; Hidráulico; Hidráulico y Naval; Monumentos Arqueológicos y Naval; Naval; Naval y Turístico; Pesquero y Acuícola; Salud; Vial Urbano y Vivienda,Hidrometeorológico: 4D/4E; Geológico: 1D/0E; Incendio Forestal: 0D/1E,"2019: 1D/2E pob:259,061 $81.1M; 2020: 1D/1E pob:9,901 $20.1M; 2021: 2D/1E pob:7,020 $14.1M; 2023: 1D/1E pob:12,000 $10.8M","[D 2019] Guerrero: Lluvia severa e inundación fluvial y pluvial del 28 al 29 de septiembre de 2019 | [D 2020] Guerrero: Lluvia severa, inundación pluvial e inundación fluvial ocurridas del 24 al 27 de | [D 2021] Guerrero: Sismo con magnitud 7.1 el 7 de septiembre de 2021 | [D 2021] Guerrero: Lluvia severa, vientos fuertes, inundación fluvial e inundación pluvial del24 al | [D 2023] Guerrero: Lluvia severa, inundación fluvial y pluvial del 9 al 11 de octubre de 2023 | [E 2019] Guerrero: Incendios forestales del 25 de abril al 13 de mayo de 2019 (pob:241,710 $29,608,218) | [E 2019] Guerrero: Lluvia severa e inundación fluvial y pluvial el 28 y 29 de septiembre de 2019 po (pob:17,351 $51,463,968) | [E 2020] Guerrero: Lluvia severa e inundación pluvial y fluvial del 24 al 27 de agosto de 2020 (TT  (pob:9,901 $20,119,664) | [E 2021] Guerrero: Lluvia severa, vientos fuertes e inundación fluvial y pluvial los días 24 y 25 d (pob:7,020 $14,104,004) | [E 2023] Guerrero: Lluvia severa ocurrida el 09 de octubre de 2023 (pob:12,000 $10,756,920)"
sistema_arrecifal_lobos_tuxpan,Tamiahua; Tuxpan,1,2,58228,58228,79728720.48,Carretero; Educativo; Forestal y de Viveros; Hidráulico; Naval; Vial Urbano y Vivienda,Hidrometeorológico: 1D/2E,"2019: 0D/1E pob:3,300 $3.1M; 2021: 1D/1E pob:54,928 $76.6M","[D 2021] Veracruz: Huracán ""Grace"" (lluvia severa), inundación pluvial y fluvial del 20 al 24 deago | [E 2019] Veracruz: Lluvia severa e inundación pluvial los días 31 de octubre, 2 y 3 de noviembre de (pob:3,300 $3,113,738) | [E 2021] Veracruz: Inminente impacto del huracán ""Grace"" y Vientos fuertes entre el 20 y 21 de agos (pob:54,928 $76,614,982)"
sistema_arrecifal_veracruzano,Alvarado; Boca del Río; Jamapa; Medellín de Bravo; Veracruz,3,0,0,0,0,Carretero; Educativo; Hidráulico; Naval; Vial Urbano y Vivienda,Hidrometeorológico: 3D/0E,2019: 1D/0E pob:0 $0.0M; 2022: 1D/0E pob:0 $0.0M; 2024: 1D/0E pob:0 $0.0M,"[D 2019] Veracruz: Sequía severa del 1 de mayo de 2019 al 30 de noviembre de 2019 | [D 2022] Veracruz: Lluvia severa, inundación pluvial e inundación fluvial del 10 al 26 de septiembr | [D 2024] Veracruz: Lluvia severa, inundación pluvial e inundación fluvial del 19 al 21 de octubre d"
tangolunda,Santa María Huatulco,3,4,56109,56109,270032123.03,Carretero; Educativo; Hidráulico; Militar; Monumentos Arqueológicos; Naval; Naval y Turístico; Pesquero y Acuíola; Salud; Turístico; Vial Urbano y Vivienda,Hidrometeorológico: 2D/2E; Geológico: 1D/2E,"2019: 1D/1E pob:5,507 $31.2M; 2020: 1D/2E pob:26,986 $162.4M; 2022: 1D/1E pob:23,616 $76.5M","[D 2019] Oaxaca: Lluvia severa, inundación fluvial y pluvial ocurridas los días 28, 29 y 30 de se | [D 2020] Oaxaca: Sismo magnitud 7.4 el día 23 de junio de 2020 | [D 2022] Oaxaca: Lluvia severa, vientos fuertes, inundación pluvial e inundación fluvial del 29 a | [E 2019] Oaxaca: Lluvia severa e inundación fluvial y pluvial el 28 y 29 de septiembre por el hur (pob:5,507 $31,196,865) | [E 2020] Oaxaca: Sismo de magnitud 7.4 (pob:26,125 $135,962,301) | [E 2020] Oaxaca: Movimiento de ladera los días 27 y 28 de agosto de 2020 (pob:861 $26,416,308) | [E 2022] Oaxaca: Impacto inminente del huracán ""Agatha"" -extraordinario- el día 30 de mayo de 202 (pob:23,616 $76,456,649)"
tehuacan_cuicatlan,Ajalpan; Amatlán de los Reyes; Huautla de Jiménez; Nogales; Paso del Macho; Santiago Miahuatlán; Tehuipango; Tlacotepec de Benito Juárez; Zongolica,10,4,69735,69735,100031838.44,Carretero; Carretero y Educativo; Educativo; Educativo e Hidráulico; Forestal y de Viveros; Hidráulico; Hidráulico y Salud; Hidráulico y Vial Urbano; Naval; Vial Urbano y Vivienda,Hidrometeorológico: 7D/4E; Geológico: 3D/0E,"2019: 1D/0E pob:0 $0.0M; 2020: 1D/1E pob:853 $2.8M; 2021: 3D/2E pob:62,882 $97.2M; 2022: 2D/0E pob:0 $0.0M; 2023: 2D/1E pob:6,000 $0.0M; 2024: 1D/0E pob:0 $0.0M","[D 2019] Veracruz: Sequía severa del 1 de mayo de 2019 al 30 de noviembre de 2019 | [D 2020] Oaxaca: Lluvia severa, inundación pluvial e inundación fluvial del 27 al 28 de agosto de | [D 2021] Puebla: Huracán ""Grace"" categoría 2 (lluvia severa) el 21 de agosto de 2021 | [D 2021] Veracruz: Huracán ""Grace"" (lluvia severa), inundación pluvial y fluvial del 20 al 24 deago | [D 2021] Veracruz: Movimiento de ladera del 20 al 24 de agosto del 2021 | [D 2022] Veracruz: Movimiento de ladera del 20 al 23 de junio de 2022 | [D 2022] Veracruz: Lluvia severa, inundación pluvial y fluvial del 21 al 23 de junio de 2022 | [D 2023] Veracruz: Movimiento de ladera del 3 al 7 de agosto de 2023 | [D 2023] Veracruz: Lluvia severa e inundación pluvial del 3 al 4 de agosto de 2023 | [D 2024] Veracruz: Lluvia severa, inundación pluvial e inundación fluvial del 19 al 21 de octubre d | [E 2020] Oaxaca: Lluvia severa el 11 de julio de 2020 (pob:853 $2,802,180) | [E 2021] Veracruz: Lluvia severa, inundación fluvial y pluvial y movimiento de ladera del 20 al 23  (pob:28,153 $67,302,182) | [E 2021] Puebla: Huracán categoría 2 ""Grace"" (lluvia severa) e inundación fluvial los días 21 y 2 (pob:34,729 $29,927,476) | [E 2023] Veracruz: Lluvia severa e inundación fluvial y/o pluvial ocurrida el 3 de agosto de 2023 (pob:6,000 $0)"
tiburon_ballena,Isla Mujeres; Lázaro Cárdenas,2,1,20308,20308,29241840.28,Deportivo; Educativo; Hidráulico; Naval; Salud; Turístico; Vial Urbano y Vivienda,Hidrometeorológico: 2D/1E,"2019: 1D/0E pob:0 $0.0M; 2020: 1D/1E pob:20,308 $29.2M","[D 2019] Quintana Roo: Sequía severa ocurrida del 1 de mayo al 30 de noviembre del 2019 en 9 municipios | [D 2020] Quintana Roo: Huracán Delta (lluvia severa y vientos fuertes) los días 5 y 6 de octubre de 202 | [E 2020] Quintana Roo: Vientos fuertes y lluvia severa los días 5 y 6 de octubre de 2020 (pob:20,308 $29,241,840)"
tula,Tula de Allende,1,1,14722,14722,6896499.26,Carretero; Cultura; Educativo; Hidráulico y Salud,Hidrometeorológico: 1D/1E,"2021: 1D/1E pob:14,722 $6.9M","[D 2021] Hidalgo: Inundación fluvial y lluvia severa del 6 al 8 de septiembre de 2021 | [E 2021] Hidalgo: Lluvia severa e inundación fluvial del 6 al 8 de septiembre de 2021 (pob:14,722 $6,896,499)"
tulum,Tulum,2,1,6407,6407,10753684.24,Deportivo; Educativo; Hidráulico; Naval; Vial Urbano y Vivienda,Hidrometeorológico: 2D/1E,"2019: 1D/0E pob:0 $0.0M; 2020: 1D/1E pob:6,407 $10.8M","[D 2019] Quintana Roo: Sequía severa ocurrida del 1 de mayo al 30 de noviembre del 2019 en 9 municipios | [D 2020] Quintana Roo: Lluvia severa el 26 de octubre de 2020 | [E 2020] Quintana Roo: Lluvia severa el 26 de octubre de 2020 (pob:6,407 $10,753,684)"
tutuaca,Guerrero; Madera; Matachí; Moris; Ocampo; Sahuaripa; Temósachic; Yécora,3,9,187490,187490,192318864.57,Carretero; Educativo; Hidráulico; Naval; Vial Urbano y Vivienda,Hidrometeorológico: 3D/9E,"2018: 0D/1E pob:24,344 $16.2M; 2019: 1D/5E pob:106,234 $134.8M; 2020: 2D/1E pob:2,483 $1.9M; 2021: 0D/2E pob:54,429 $39.5M","[D 2019] Sonora: Lluvia severa e inundación fluvial y pluvial del 27 al 29 de noviembre de 2019 | [D 2020] Chihuahua: Sequía severa del 1 de mayo al 30 de noviembre de 2020 | [D 2020] Sonora: Sequía severa del 1 de mayo al 30 de noviembre de 2020 | [E 2018] Chihuahua: Helada severa a partir del día 21 de diciembre de 2018 (pob:24,344 $16,181,233) | [E 2019] Chihuahua: Nevada severa del 29 al 30 de diciembre de 2018 (pob:64,751 $72,187,821) | [E 2019] Sonora: Helada y nevada severa del 30 de diciembre de 2018 al 02 de enero de 2019 (pob:18,506 $19,484,036) | [E 2019] Sonora: Helada y nevada severa del 20 al 24 de febrero de 2019 (pob:9,207 $8,876,335) | [E 2019] Sonora: Lluvia severa e inundación fluvial y pluvial los días 27, 28 y 29 de noviembre d (pob:6,808 $22,179,262) | [E 2019] Chihuahua: Lluvia severa e inundación fluvial y pluvial los días 27, 28 y 29 de noviembre d (pob:6,962 $12,042,456) | [E 2020] Sonora: Helada severa del 5 al 7 de febrero y lluvia severa e inundación pluvial el 10 d (pob:2,483 $1,870,902) | [E 2021] Chihuahua: Nevada y helada severas el 30 y 31 de diciembre de 2020 (pob:39,932 $30,948,422) | [E 2021] Chihuahua: Nevada severa el 30 y 31 de diciembre de 2020 (pob:14,497 $8,548,397)"
uaymil,Bacalar; Othón P. Blanco,2,1,6045,6045,22611823.6,Carretero; Educativo; Hidráulico; Naval; Salud; Vial Urbano y Vivienda,Hidrometeorológico: 2D/1E,"2019: 1D/0E pob:0 $0.0M; 2020: 1D/1E pob:6,045 $22.6M","[D 2019] Quintana Roo: Sequía severa ocurrida del 1 de mayo al 30 de noviembre del 2019 en 9 municipios | [D 2020] Quintana Roo: Inundación pluvial ocurrida del 3 al 5 de junio de 2020 | [E 2020] Quintana Roo: Lluvia severa e inundación pluvial del 3 al 5 de junio de 2020 (T.T. Cristóbal) (pob:6,045 $22,611,824)"
valle_de_los_cirios,Ensenada; San Quintín,3,1,1500,1500,465815.0,Carretero; Educativo; Educativo y Naval; Forestal y de Viveros; Hidráulico; Naval y Pesquero; Vial Urbano y Vivienda,Incendio Forestal: 1D/1E; Hidrometeorológico: 2D/0E,"2019: 1D/1E pob:1,500 $0.5M; 2022: 1D/0E pob:0 $0.0M; 2023: 1D/0E pob:0 $0.0M","[D 2019] Baja California: Incendios forestales presentados del 24, 25 y 26 de octubre de 2019 | [D 2022] Baja California: Inundación pluvial y lluvia severa del 8 al 11 de septiembre de 2022 | [D 2023] Baja California: Lluvia severa, inundación fluvial y pluvial, y vientos fuertes del 18 al 20 de a | [E 2019] Baja California: Incendios forestales a partir del 24 de octubre de 2019 (pob:1,500 $465,815)"
vicente_guerrero,Zihuatanejo de Azueta,3,3,34272,34272,85687636.73,Carretero; Educativo; Hidráulico; Naval; Naval y Turístico; Pesquero y Acuícola; Salud; Vial Urbano y Vivienda,Hidrometeorológico: 3D/3E,"2019: 1D/1E pob:17,351 $51.5M; 2020: 1D/1E pob:9,901 $20.1M; 2021: 1D/1E pob:7,020 $14.1M","[D 2019] Guerrero: Lluvia severa e inundación fluvial y pluvial del 28 al 29 de septiembre de 2019 | [D 2020] Guerrero: Lluvia severa, inundación pluvial e inundación fluvial ocurridas del 24 al 27 de | [D 2021] Guerrero: Lluvia severa, vientos fuertes, inundación fluvial e inundación pluvial del24 al | [E 2019] Guerrero: Lluvia severa e inundación fluvial y pluvial el 28 y 29 de septiembre de 2019 po (pob:17,351 $51,463,968) | [E 2020] Guerrero: Lluvia severa e inundación pluvial y fluvial del 24 al 27 de agosto de 2020 (TT  (pob:9,901 $20,119,664) | [E 2021] Guerrero: Lluvia severa, vientos fuertes e inundación fluvial y pluvial los días 24 y 25 d (pob:7,020 $14,104,004)"
yagul,Tlacolula de Matamoros,1,1,26125,26125,135962300.93,Carretero; Educativo; Hidráulico; Monumentos Arqueológicos; Naval; Salud; Turístico; Vial Urbano y Vivienda,Geológico: 1D/1E,"2020: 1D/1E pob:26,125 $136.0M","[D 2020] Oaxaca: Sismo magnitud 7.4 el día 23 de junio de 2020 | [E 2020] Oaxaca: Sismo de magnitud 7.4 (pob:26,125 $135,962,301)"
yum_balam,Isla Mujeres; Lázaro Cárdenas,2,1,20308,20308,29241840.28,Deportivo; Educativo; Hidráulico; Naval; Salud; Turístico; Vial Urbano y Vivienda,Hidrometeorológico: 2D/1E,"2019: 1D/0E pob:0 $0.0M; 2020: 1D/1E pob:20,308 $29.2M","[D 2019] Quintana Roo: Sequía severa ocurrida del 1 de mayo al 30 de noviembre del 2019 en 9 municipios | [D 2020] Quintana Roo: Huracán Delta (lluvia severa y vientos fuertes) los días 5 y 6 de octubre de 202 | [E 2020] Quintana Roo: Vientos fuertes y lluvia severa los días 5 y 6 de octubre de 2020 (pob:20,308 $29,241,840)"
zicuiran_infiernillo,Arteaga; Coahuayutla de José María Izazaga; La Huacana; La Unión de Isidoro Montes de Oca; Lázaro Cárdenas; Tumbiscatío; Zirándaro,4,6,279519,279519,118114968.39,Carretero; Educativo; Hidráulico; Hidráulico y Naval; Naval; Naval y Turístico; Pesquero y Acuícola; Salud; Vial Urbano y Vivienda,Hidrometeorológico: 4D/5E; Incendio Forestal: 0D/1E,"2019: 1D/3E pob:260,185 $81.8M; 2020: 1D/1E pob:9,901 $20.1M; 2021: 2D/2E pob:9,433 $16.2M","[D 2019] Guerrero: Lluvia severa e inundación fluvial y pluvial del 28 al 29 de septiembre de 2019 | [D 2020] Guerrero: Lluvia severa, inundación pluvial e inundación fluvial ocurridas del 24 al 27 de | [D 2021] Michoacán: Huracán ""Nora"" Categoría 1 (lluvia severa ), inundación pluvial y fluvial del 27 | [D 2021] Guerrero: Lluvia severa, vientos fuertes, inundación fluvial e inundación pluvial del24 al | [E 2019] Guerrero: Incendios forestales del 25 de abril al 13 de mayo de 2019 (pob:241,710 $29,608,218) | [E 2019] Guerrero: Lluvia severa e inundación fluvial y pluvial el 28 y 29 de septiembre de 2019 po (pob:17,351 $51,463,968) | [E 2019] Michoacán: Inundación fluvial el 28 y 29 de septiembre de 2019 por el huracán ""Narda"" (pob:1,124 $716,641) | [E 2020] Guerrero: Lluvia severa e inundación pluvial y fluvial del 24 al 27 de agosto de 2020 (TT  (pob:9,901 $20,119,664) | [E 2021] Michoacán: Huracán categoría 1 ""Nora"" (lluvia severa) e inundación fluvial y pluvial los dí (pob:2,413 $2,102,473) | [E 2021] Guerrero: Lluvia severa, vientos fuertes e inundación fluvial y pluvial los días 24 y 25 d (pob:7,020 $14,104,004)"
zona_marina_bahia_de_los_angeles_canales_de_ballenas_y_de_salsipuedes,San Quintín,2,0,0,0,0,Carretero; Educativo; Educativo y Naval; Hidráulico; Naval y Pesquero,Hidrometeorológico: 2D/0E,2022: 1D/0E pob:0 $0.0M; 2023: 1D/0E pob:0 $0.0M,"[D 2022] Baja California: Inundación pluvial y lluvia severa del 8 al 11 de septiembre de 2022 | [D 2023] Baja California: Lluvia severa, inundación fluvial y pluvial, y vientos fuertes del 18 al 20 de a"
